-- phpMyAdmin SQL Dump
-- version 5.2.1
-- https://www.phpmyadmin.net/
--
-- Servidor: 127.0.0.1
-- Tiempo de generación: 04-02-2026 a las 22:50:35
-- Versión del servidor: 10.4.32-MariaDB
-- Versión de PHP: 8.2.12

SET SQL_MODE = "NO_AUTO_VALUE_ON_ZERO";
START TRANSACTION;
SET time_zone = "+00:00";


/*!40101 SET @OLD_CHARACTER_SET_CLIENT=@@CHARACTER_SET_CLIENT */;
/*!40101 SET @OLD_CHARACTER_SET_RESULTS=@@CHARACTER_SET_RESULTS */;
/*!40101 SET @OLD_COLLATION_CONNECTION=@@COLLATION_CONNECTION */;
/*!40101 SET NAMES utf8mb4 */;

--
-- Base de datos: `nomitech_db`
--

-- --------------------------------------------------------

--
-- Estructura de tabla para la tabla `afp`
--

CREATE TABLE `afp` (
  `id_afp` int(11) NOT NULL,
  `nombre` varchar(60) NOT NULL,
  `created_at` datetime NOT NULL DEFAULT current_timestamp(),
  `updated_at` datetime NOT NULL DEFAULT current_timestamp() ON UPDATE current_timestamp()
) ENGINE=InnoDB DEFAULT CHARSET=utf8mb4 COLLATE=utf8mb4_unicode_ci;

--
-- Volcado de datos para la tabla `afp`
--

INSERT INTO `afp` (`id_afp`, `nombre`, `created_at`, `updated_at`) VALUES
(1, 'Protección', '2026-02-04 18:42:41', '2026-02-04 18:42:41'),
(2, 'Colfondos', '2026-02-04 18:42:41', '2026-02-04 18:42:41'),
(3, 'Porvenir', '2026-02-04 18:42:41', '2026-02-04 18:42:41'),
(4, 'Old Mutua', '2026-02-04 18:42:41', '2026-02-04 18:42:41');

-- --------------------------------------------------------

--
-- Estructura de tabla para la tabla `arl`
--

CREATE TABLE `arl` (
  `id_arl` int(11) NOT NULL,
  `nombre` varchar(60) NOT NULL,
  `created_at` datetime NOT NULL DEFAULT current_timestamp(),
  `updated_at` datetime NOT NULL DEFAULT current_timestamp() ON UPDATE current_timestamp()
) ENGINE=InnoDB DEFAULT CHARSET=utf8mb4 COLLATE=utf8mb4_unicode_ci;

--
-- Volcado de datos para la tabla `arl`
--

INSERT INTO `arl` (`id_arl`, `nombre`, `created_at`, `updated_at`) VALUES
(1, 'Colpatria', '2026-02-04 18:42:41', '2026-02-04 18:42:41'),
(2, 'Sura', '2026-02-04 18:42:41', '2026-02-04 18:42:41'),
(3, 'Bólivar', '2026-02-04 18:42:41', '2026-02-04 18:42:41');

-- --------------------------------------------------------

--
-- Estructura de tabla para la tabla `banco`
--

CREATE TABLE `banco` (
  `id_banco` int(11) NOT NULL,
  `nombre` varchar(60) NOT NULL,
  `codigo` varchar(10) NOT NULL,
  `created_at` datetime NOT NULL DEFAULT current_timestamp(),
  `updated_at` datetime NOT NULL DEFAULT current_timestamp() ON UPDATE current_timestamp()
) ENGINE=InnoDB DEFAULT CHARSET=utf8mb4 COLLATE=utf8mb4_unicode_ci;

--
-- Volcado de datos para la tabla `banco`
--

INSERT INTO `banco` (`id_banco`, `nombre`, `codigo`, `created_at`, `updated_at`) VALUES
(1, 'Banco de Bogotá', '001', '2026-02-04 18:42:41', '2026-02-04 18:42:41'),
(2, 'Banco Popular', '002', '2026-02-04 18:42:41', '2026-02-04 18:42:41'),
(3, 'Corpbanca Itaú', '006', '2026-02-04 18:42:41', '2026-02-04 18:42:41'),
(4, 'Bancolombia', '007', '2026-02-04 18:42:41', '2026-02-04 18:42:41'),
(5, 'Citibank', '009', '2026-02-04 18:42:41', '2026-02-04 18:42:41'),
(6, 'Banco Sudameris', '012', '2026-02-04 18:42:41', '2026-02-04 18:42:41'),
(7, 'BBVA', '013', '2026-02-04 18:42:41', '2026-02-04 18:42:41'),
(8, 'Itaú', '014', '2026-02-04 18:42:41', '2026-02-04 18:42:41'),
(9, 'Scotiabank Colpatria', '019', '2026-02-04 18:42:41', '2026-02-04 18:42:41'),
(10, 'Banco de Occidente', '023', '2026-02-04 18:42:41', '2026-02-04 18:42:41'),
(11, 'Banco Caja Social BCSC', '032', '2026-02-04 18:42:41', '2026-02-04 18:42:41'),
(12, 'Bancoldex S.A.', '031', '2026-02-04 18:42:41', '2026-02-04 18:42:41'),
(13, 'Banco Agrario', '040', '2026-02-04 18:42:41', '2026-02-04 18:42:41'),
(14, 'Banco Mundo Mujer', '047', '2026-02-04 18:42:41', '2026-02-04 18:42:41'),
(15, 'Banco Davivienda', '051', '2026-02-04 18:42:41', '2026-02-04 18:42:41'),
(16, 'Banco Av. Villas', '052', '2026-02-04 18:42:41', '2026-02-04 18:42:41'),
(17, 'Banco W S.A.', '053', '2026-02-04 18:42:41', '2026-02-04 18:42:41'),
(18, 'Bancamía S.A.', '059', '2026-02-04 18:42:41', '2026-02-04 18:42:41'),
(19, 'Banco Pichincha', '060', '2026-02-04 18:42:41', '2026-02-04 18:42:41'),
(20, 'Bancoomeva', '061', '2026-02-04 18:42:41', '2026-02-04 18:42:41'),
(21, 'Banco Falabella S.A.', '062', '2026-02-04 18:42:41', '2026-02-04 18:42:41'),
(22, 'Banco Finandina S.A.', '063', '2026-02-04 18:42:41', '2026-02-04 18:42:41'),
(23, 'Banco Santander de Negocios Colombia', '065', '2026-02-04 18:42:41', '2026-02-04 18:42:41'),
(24, 'Coopcentral S.A.', '066', '2026-02-04 18:42:41', '2026-02-04 18:42:41'),
(25, 'MiBanco S.A.', '067', '2026-02-04 18:42:41', '2026-02-04 18:42:41'),
(26, 'Banco Serfinanza S.A.', '069', '2026-02-04 18:42:41', '2026-02-04 18:42:41'),
(27, 'Lulo Bank S.A.', '070', '2026-02-04 18:42:41', '2026-02-04 18:42:41'),
(28, 'Banco J.P. Morgan Colombia S.A.', '071', '2026-02-04 18:42:41', '2026-02-04 18:42:41');

-- --------------------------------------------------------

--
-- Estructura de tabla para la tabla `ciudad`
--

CREATE TABLE `ciudad` (
  `id_ciudad` int(11) NOT NULL,
  `nombre` varchar(60) NOT NULL,
  `codigo` varchar(10) DEFAULT NULL,
  `id_departamento` int(11) NOT NULL,
  `created_at` datetime NOT NULL DEFAULT current_timestamp(),
  `updated_at` datetime NOT NULL DEFAULT current_timestamp() ON UPDATE current_timestamp()
) ENGINE=InnoDB DEFAULT CHARSET=utf8mb4 COLLATE=utf8mb4_unicode_ci;

--
-- Volcado de datos para la tabla `ciudad`
--

INSERT INTO `ciudad` (`id_ciudad`, `nombre`, `codigo`, `id_departamento`, `created_at`, `updated_at`) VALUES
(1, 'LETICIA', '91001', 1, '2026-02-04 18:42:39', '2026-02-04 18:42:39'),
(2, 'EL ENCANTO', '91263', 1, '2026-02-04 18:42:39', '2026-02-04 18:42:39'),
(3, 'LA CHORRERA', '91405', 1, '2026-02-04 18:42:39', '2026-02-04 18:42:39'),
(4, 'LA PEDRERA', '91407', 1, '2026-02-04 18:42:39', '2026-02-04 18:42:39'),
(5, 'LA VICTORIA', '91430', 1, '2026-02-04 18:42:39', '2026-02-04 18:42:39'),
(6, 'MIRITÍ – PARANÁ', '91460', 1, '2026-02-04 18:42:39', '2026-02-04 18:42:39'),
(7, 'PUERTO ALEGRÍA', '91530', 1, '2026-02-04 18:42:39', '2026-02-04 18:42:39'),
(8, 'PUERTO ARICA', '91536', 1, '2026-02-04 18:42:39', '2026-02-04 18:42:39'),
(9, 'PUERTO NARIÑO', '91540', 1, '2026-02-04 18:42:39', '2026-02-04 18:42:39'),
(10, 'PUERTO SANTANDER', '91669', 1, '2026-02-04 18:42:39', '2026-02-04 18:42:39'),
(11, 'TARAPACÁ', '91798', 1, '2026-02-04 18:42:39', '2026-02-04 18:42:39'),
(12, 'MEDELLÍN', '05001', 2, '2026-02-04 18:42:40', '2026-02-04 18:42:40'),
(13, 'ABEJORRAL', '05002', 2, '2026-02-04 18:42:40', '2026-02-04 18:42:40'),
(14, 'ABRIAQUÍ', '05004', 2, '2026-02-04 18:42:40', '2026-02-04 18:42:40'),
(15, 'ALEJANDRÍA', '05021', 2, '2026-02-04 18:42:40', '2026-02-04 18:42:40'),
(16, 'AMAGÁ', '05030', 2, '2026-02-04 18:42:40', '2026-02-04 18:42:40'),
(17, 'AMALFI', '05031', 2, '2026-02-04 18:42:40', '2026-02-04 18:42:40'),
(18, 'ANDES', '05034', 2, '2026-02-04 18:42:40', '2026-02-04 18:42:40'),
(19, 'ANGELÓPOLIS', '05036', 2, '2026-02-04 18:42:40', '2026-02-04 18:42:40'),
(20, 'ANGOSTURA', '05038', 2, '2026-02-04 18:42:40', '2026-02-04 18:42:40'),
(21, 'ANORÍ', '05040', 2, '2026-02-04 18:42:40', '2026-02-04 18:42:40'),
(22, 'SANTA FÉ DE ANTIOQUIA', '05042', 2, '2026-02-04 18:42:40', '2026-02-04 18:42:40'),
(23, 'ANZÁ', '05044', 2, '2026-02-04 18:42:40', '2026-02-04 18:42:40'),
(24, 'APARTADÓ', '05045', 2, '2026-02-04 18:42:40', '2026-02-04 18:42:40'),
(25, 'ARBOLETES', '05051', 2, '2026-02-04 18:42:40', '2026-02-04 18:42:40'),
(26, 'ARGELIA', '05055', 2, '2026-02-04 18:42:40', '2026-02-04 18:42:40'),
(27, 'ARMENIA', '05059', 2, '2026-02-04 18:42:40', '2026-02-04 18:42:40'),
(28, 'BARBOSA', '05079', 2, '2026-02-04 18:42:40', '2026-02-04 18:42:40'),
(29, 'BELMIRA', '05086', 2, '2026-02-04 18:42:40', '2026-02-04 18:42:40'),
(30, 'BELLO', '05088', 2, '2026-02-04 18:42:40', '2026-02-04 18:42:40'),
(31, 'BETANIA', '05091', 2, '2026-02-04 18:42:40', '2026-02-04 18:42:40'),
(32, 'BETULIA', '05093', 2, '2026-02-04 18:42:40', '2026-02-04 18:42:40'),
(33, 'CIUDAD BOLÍVAR', '05101', 2, '2026-02-04 18:42:40', '2026-02-04 18:42:40'),
(34, 'BRICEÑO', '05107', 2, '2026-02-04 18:42:40', '2026-02-04 18:42:40'),
(35, 'BURITICÁ', '05113', 2, '2026-02-04 18:42:40', '2026-02-04 18:42:40'),
(36, 'CÁCERES', '05120', 2, '2026-02-04 18:42:40', '2026-02-04 18:42:40'),
(37, 'CAICEDO', '05125', 2, '2026-02-04 18:42:40', '2026-02-04 18:42:40'),
(38, 'CALDAS', '05129', 2, '2026-02-04 18:42:40', '2026-02-04 18:42:40'),
(39, 'CAMPAMENTO', '05134', 2, '2026-02-04 18:42:40', '2026-02-04 18:42:40'),
(40, 'CAÑASGORDAS', '05138', 2, '2026-02-04 18:42:40', '2026-02-04 18:42:40'),
(41, 'CARACOLÍ', '05142', 2, '2026-02-04 18:42:40', '2026-02-04 18:42:40'),
(42, 'CARAMANTA', '05145', 2, '2026-02-04 18:42:40', '2026-02-04 18:42:40'),
(43, 'CAREPA', '05147', 2, '2026-02-04 18:42:40', '2026-02-04 18:42:40'),
(44, 'EL CARMEN DE VIBORAL', '05148', 2, '2026-02-04 18:42:40', '2026-02-04 18:42:40'),
(45, 'CAROLINA', '05150', 2, '2026-02-04 18:42:40', '2026-02-04 18:42:40'),
(46, 'CAUCASIA', '05154', 2, '2026-02-04 18:42:40', '2026-02-04 18:42:40'),
(47, 'CHIGORODÓ', '05172', 2, '2026-02-04 18:42:40', '2026-02-04 18:42:40'),
(48, 'CISNEROS', '05190', 2, '2026-02-04 18:42:40', '2026-02-04 18:42:40'),
(49, 'COCORNÁ', '05197', 2, '2026-02-04 18:42:40', '2026-02-04 18:42:40'),
(50, 'CONCEPCIÓN', '05206', 2, '2026-02-04 18:42:40', '2026-02-04 18:42:40'),
(51, 'CONCORDIA', '05209', 2, '2026-02-04 18:42:40', '2026-02-04 18:42:40'),
(52, 'COPACABANA', '05212', 2, '2026-02-04 18:42:40', '2026-02-04 18:42:40'),
(53, 'DABEIBA', '05234', 2, '2026-02-04 18:42:40', '2026-02-04 18:42:40'),
(54, 'DONMATÍAS', '05237', 2, '2026-02-04 18:42:40', '2026-02-04 18:42:40'),
(55, 'EBÉJICO', '05240', 2, '2026-02-04 18:42:40', '2026-02-04 18:42:40'),
(56, 'EL BAGRE', '05250', 2, '2026-02-04 18:42:40', '2026-02-04 18:42:40'),
(57, 'ENTRERRÍOS', '05264', 2, '2026-02-04 18:42:40', '2026-02-04 18:42:40'),
(58, 'ENVIGADO', '05266', 2, '2026-02-04 18:42:40', '2026-02-04 18:42:40'),
(59, 'FREDONIA', '05282', 2, '2026-02-04 18:42:40', '2026-02-04 18:42:40'),
(60, 'FRONTINO', '05284', 2, '2026-02-04 18:42:40', '2026-02-04 18:42:40'),
(61, 'GIRALDO', '05306', 2, '2026-02-04 18:42:40', '2026-02-04 18:42:40'),
(62, 'GIRARDOTA', '05308', 2, '2026-02-04 18:42:40', '2026-02-04 18:42:40'),
(63, 'GÓMEZ PLATA', '05310', 2, '2026-02-04 18:42:40', '2026-02-04 18:42:40'),
(64, 'GRANADA', '05313', 2, '2026-02-04 18:42:40', '2026-02-04 18:42:40'),
(65, 'GUADALUPE', '05315', 2, '2026-02-04 18:42:40', '2026-02-04 18:42:40'),
(66, 'GUARNE', '05318', 2, '2026-02-04 18:42:40', '2026-02-04 18:42:40'),
(67, 'GUATAPÉ', '05321', 2, '2026-02-04 18:42:40', '2026-02-04 18:42:40'),
(68, 'HELICONIA', '05347', 2, '2026-02-04 18:42:40', '2026-02-04 18:42:40'),
(69, 'HISPANIA', '05353', 2, '2026-02-04 18:42:40', '2026-02-04 18:42:40'),
(70, 'ITAGÜÍ', '05360', 2, '2026-02-04 18:42:40', '2026-02-04 18:42:40'),
(71, 'ITUANGO', '05361', 2, '2026-02-04 18:42:40', '2026-02-04 18:42:40'),
(72, 'JARDÍN', '05364', 2, '2026-02-04 18:42:40', '2026-02-04 18:42:40'),
(73, 'JERICÓ', '05368', 2, '2026-02-04 18:42:40', '2026-02-04 18:42:40'),
(74, 'LA CEJA', '05376', 2, '2026-02-04 18:42:40', '2026-02-04 18:42:40'),
(75, 'LA ESTRELLA', '05380', 2, '2026-02-04 18:42:40', '2026-02-04 18:42:40'),
(76, 'LA PINTADA', '05390', 2, '2026-02-04 18:42:40', '2026-02-04 18:42:40'),
(77, 'LA UNIÓN', '05400', 2, '2026-02-04 18:42:40', '2026-02-04 18:42:40'),
(78, 'LIBORINA', '05411', 2, '2026-02-04 18:42:40', '2026-02-04 18:42:40'),
(79, 'MACEO', '05425', 2, '2026-02-04 18:42:40', '2026-02-04 18:42:40'),
(80, 'MARINILLA', '05440', 2, '2026-02-04 18:42:40', '2026-02-04 18:42:40'),
(81, 'MONTEBELLO', '05467', 2, '2026-02-04 18:42:40', '2026-02-04 18:42:40'),
(82, 'MURINDÓ', '05475', 2, '2026-02-04 18:42:40', '2026-02-04 18:42:40'),
(83, 'MUTATÁ', '05480', 2, '2026-02-04 18:42:40', '2026-02-04 18:42:40'),
(84, 'NARIÑO', '05483', 2, '2026-02-04 18:42:40', '2026-02-04 18:42:40'),
(85, 'NECOCLÍ', '05490', 2, '2026-02-04 18:42:40', '2026-02-04 18:42:40'),
(86, 'NECHÍ', '05495', 2, '2026-02-04 18:42:40', '2026-02-04 18:42:40'),
(87, 'OLAYA', '05501', 2, '2026-02-04 18:42:40', '2026-02-04 18:42:40'),
(88, 'PEÑOL', '05541', 2, '2026-02-04 18:42:40', '2026-02-04 18:42:40'),
(89, 'PEQUE', '05543', 2, '2026-02-04 18:42:40', '2026-02-04 18:42:40'),
(90, 'PUEBLORRICO', '05576', 2, '2026-02-04 18:42:40', '2026-02-04 18:42:40'),
(91, 'PUERTO BERRÍO', '05579', 2, '2026-02-04 18:42:40', '2026-02-04 18:42:40'),
(92, 'PUERTO NARE', '05585', 2, '2026-02-04 18:42:40', '2026-02-04 18:42:40'),
(93, 'PUERTO TRIUNFO', '05591', 2, '2026-02-04 18:42:40', '2026-02-04 18:42:40'),
(94, 'REMEDIOS', '05604', 2, '2026-02-04 18:42:40', '2026-02-04 18:42:40'),
(95, 'RETIRO', '05607', 2, '2026-02-04 18:42:40', '2026-02-04 18:42:40'),
(96, 'RIONEGRO', '05615', 2, '2026-02-04 18:42:40', '2026-02-04 18:42:40'),
(97, 'SABANALARGA', '05628', 2, '2026-02-04 18:42:40', '2026-02-04 18:42:40'),
(98, 'SABANETA', '05631', 2, '2026-02-04 18:42:40', '2026-02-04 18:42:40'),
(99, 'SALGAR', '05642', 2, '2026-02-04 18:42:40', '2026-02-04 18:42:40'),
(100, 'SAN ANDRÉS DE CUERQUÍA', '05647', 2, '2026-02-04 18:42:40', '2026-02-04 18:42:40'),
(101, 'SAN CARLOS', '05649', 2, '2026-02-04 18:42:40', '2026-02-04 18:42:40'),
(102, 'SAN FRANCISCO', '05652', 2, '2026-02-04 18:42:40', '2026-02-04 18:42:40'),
(103, 'SAN JERÓNIMO', '05656', 2, '2026-02-04 18:42:40', '2026-02-04 18:42:40'),
(104, 'SAN JOSÉ DE LA MONTAÑA', '05658', 2, '2026-02-04 18:42:40', '2026-02-04 18:42:40'),
(105, 'SAN JUAN DE URABÁ', '05659', 2, '2026-02-04 18:42:40', '2026-02-04 18:42:40'),
(106, 'SAN LUIS', '05660', 2, '2026-02-04 18:42:40', '2026-02-04 18:42:40'),
(107, 'SAN PEDRO DE LOS MILAGROS', '05664', 2, '2026-02-04 18:42:40', '2026-02-04 18:42:40'),
(108, 'SAN PEDRO DE URABÁ', '05665', 2, '2026-02-04 18:42:40', '2026-02-04 18:42:40'),
(109, 'SAN RAFAEL', '05667', 2, '2026-02-04 18:42:40', '2026-02-04 18:42:40'),
(110, 'SAN ROQUE', '05670', 2, '2026-02-04 18:42:40', '2026-02-04 18:42:40'),
(111, 'SAN VICENTE FERRER', '05674', 2, '2026-02-04 18:42:40', '2026-02-04 18:42:40'),
(112, 'SANTA BÁRBARA', '05679', 2, '2026-02-04 18:42:40', '2026-02-04 18:42:40'),
(113, 'SANTA ROSA DE OSOS', '05686', 2, '2026-02-04 18:42:40', '2026-02-04 18:42:40'),
(114, 'SANTO DOMINGO', '05690', 2, '2026-02-04 18:42:40', '2026-02-04 18:42:40'),
(115, 'EL SANTUARIO', '05697', 2, '2026-02-04 18:42:40', '2026-02-04 18:42:40'),
(116, 'SEGOVIA', '05736', 2, '2026-02-04 18:42:40', '2026-02-04 18:42:40'),
(117, 'SONSÓN', '05756', 2, '2026-02-04 18:42:40', '2026-02-04 18:42:40'),
(118, 'SOPETRÁN', '05761', 2, '2026-02-04 18:42:40', '2026-02-04 18:42:40'),
(119, 'TÁMESIS', '05789', 2, '2026-02-04 18:42:40', '2026-02-04 18:42:40'),
(120, 'TARAZÁ', '05790', 2, '2026-02-04 18:42:40', '2026-02-04 18:42:40'),
(121, 'TARSO', '05792', 2, '2026-02-04 18:42:40', '2026-02-04 18:42:40'),
(122, 'TITIRIBÍ', '05809', 2, '2026-02-04 18:42:40', '2026-02-04 18:42:40'),
(123, 'TOLEDO', '05819', 2, '2026-02-04 18:42:40', '2026-02-04 18:42:40'),
(124, 'TURBO', '05837', 2, '2026-02-04 18:42:40', '2026-02-04 18:42:40'),
(125, 'URAMITA', '05842', 2, '2026-02-04 18:42:40', '2026-02-04 18:42:40'),
(126, 'URRAO', '05847', 2, '2026-02-04 18:42:40', '2026-02-04 18:42:40'),
(127, 'VALDIVIA', '05854', 2, '2026-02-04 18:42:40', '2026-02-04 18:42:40'),
(128, 'VALPARAÍSO', '05856', 2, '2026-02-04 18:42:40', '2026-02-04 18:42:40'),
(129, 'VEGACHÍ', '05858', 2, '2026-02-04 18:42:40', '2026-02-04 18:42:40'),
(130, 'VENECIA', '05861', 2, '2026-02-04 18:42:40', '2026-02-04 18:42:40'),
(131, 'VIGÍA DEL FUERTE', '05873', 2, '2026-02-04 18:42:40', '2026-02-04 18:42:40'),
(132, 'YALÍ', '05885', 2, '2026-02-04 18:42:40', '2026-02-04 18:42:40'),
(133, 'YARUMAL', '05887', 2, '2026-02-04 18:42:40', '2026-02-04 18:42:40'),
(134, 'YOLOMBÓ', '05890', 2, '2026-02-04 18:42:40', '2026-02-04 18:42:40'),
(135, 'YONDÓ', '05893', 2, '2026-02-04 18:42:40', '2026-02-04 18:42:40'),
(136, 'ZARAGOZA', '05895', 2, '2026-02-04 18:42:40', '2026-02-04 18:42:40'),
(137, 'ARAUCA', '81001', 3, '2026-02-04 18:42:40', '2026-02-04 18:42:40'),
(138, 'ARAUQUITA', '81065', 3, '2026-02-04 18:42:40', '2026-02-04 18:42:40'),
(139, 'CRAVO NORTE', '81220', 3, '2026-02-04 18:42:40', '2026-02-04 18:42:40'),
(140, 'FORTUL', '81300', 3, '2026-02-04 18:42:40', '2026-02-04 18:42:40'),
(141, 'PUERTO RONDÓN', '81591', 3, '2026-02-04 18:42:40', '2026-02-04 18:42:40'),
(142, 'SARAVENA', '81736', 3, '2026-02-04 18:42:40', '2026-02-04 18:42:40'),
(143, 'TAME', '81794', 3, '2026-02-04 18:42:40', '2026-02-04 18:42:40'),
(144, 'SAN ANDRÉS', '88001', 27, '2026-02-04 18:42:40', '2026-02-04 18:42:40'),
(145, 'PROVIDENCIA', '88564', 27, '2026-02-04 18:42:40', '2026-02-04 18:42:40'),
(146, 'BARRANQUILLA', '08001', 4, '2026-02-04 18:42:40', '2026-02-04 18:42:40'),
(147, 'BARANOA', '08078', 4, '2026-02-04 18:42:40', '2026-02-04 18:42:40'),
(148, 'CAMPO DE LA CRUZ', '08137', 4, '2026-02-04 18:42:40', '2026-02-04 18:42:40'),
(149, 'CANDELARIA', '08141', 4, '2026-02-04 18:42:40', '2026-02-04 18:42:40'),
(150, 'GALAPA', '08296', 4, '2026-02-04 18:42:40', '2026-02-04 18:42:40'),
(151, 'JUAN DE ACOSTA', '08372', 4, '2026-02-04 18:42:40', '2026-02-04 18:42:40'),
(152, 'LURUACO', '08421', 4, '2026-02-04 18:42:40', '2026-02-04 18:42:40'),
(153, 'MALAMBO', '08433', 4, '2026-02-04 18:42:40', '2026-02-04 18:42:40'),
(154, 'MANATÍ', '08436', 4, '2026-02-04 18:42:40', '2026-02-04 18:42:40'),
(155, 'PALMAR DE VARELA', '08520', 4, '2026-02-04 18:42:40', '2026-02-04 18:42:40'),
(156, 'PIOJÓ', '08549', 4, '2026-02-04 18:42:40', '2026-02-04 18:42:40'),
(157, 'POLONUEVO', '08558', 4, '2026-02-04 18:42:40', '2026-02-04 18:42:40'),
(158, 'PONEDERA', '08560', 4, '2026-02-04 18:42:40', '2026-02-04 18:42:40'),
(159, 'PUERTO COLOMBIA', '08573', 4, '2026-02-04 18:42:40', '2026-02-04 18:42:40'),
(160, 'REPELÓN', '08606', 4, '2026-02-04 18:42:40', '2026-02-04 18:42:40'),
(161, 'SABANAGRANDE', '08634', 4, '2026-02-04 18:42:40', '2026-02-04 18:42:40'),
(162, 'SABANALARGA', '08638', 4, '2026-02-04 18:42:40', '2026-02-04 18:42:40'),
(163, 'SANTA LUCÍA', '08675', 4, '2026-02-04 18:42:40', '2026-02-04 18:42:40'),
(164, 'SANTO TOMÁS', '08685', 4, '2026-02-04 18:42:40', '2026-02-04 18:42:40'),
(165, 'SOLEDAD', '08758', 4, '2026-02-04 18:42:40', '2026-02-04 18:42:40'),
(166, 'SUAN', '08770', 4, '2026-02-04 18:42:40', '2026-02-04 18:42:40'),
(167, 'TUBARÁ', '08832', 4, '2026-02-04 18:42:40', '2026-02-04 18:42:40'),
(168, 'USIACURÍ', '08849', 4, '2026-02-04 18:42:40', '2026-02-04 18:42:40'),
(169, 'BOGOTÁ, D.C.', '11001', 5, '2026-02-04 18:42:40', '2026-02-04 18:42:40'),
(170, 'CARTAGENA DE INDIAS', '13001', 6, '2026-02-04 18:42:40', '2026-02-04 18:42:40'),
(171, 'ACHÍ', '13006', 6, '2026-02-04 18:42:40', '2026-02-04 18:42:40'),
(172, 'ALTOS DEL ROSARIO', '13030', 6, '2026-02-04 18:42:40', '2026-02-04 18:42:40'),
(173, 'ARENAL', '13042', 6, '2026-02-04 18:42:40', '2026-02-04 18:42:40'),
(174, 'ARJONA', '13052', 6, '2026-02-04 18:42:40', '2026-02-04 18:42:40'),
(175, 'ARROYOHONDO', '13062', 6, '2026-02-04 18:42:40', '2026-02-04 18:42:40'),
(176, 'BARRANCO DE LOBA', '13074', 6, '2026-02-04 18:42:40', '2026-02-04 18:42:40'),
(177, 'CALAMAR', '13140', 6, '2026-02-04 18:42:40', '2026-02-04 18:42:40'),
(178, 'CANTAGALLO', '13160', 6, '2026-02-04 18:42:40', '2026-02-04 18:42:40'),
(179, 'CICUCO', '13188', 6, '2026-02-04 18:42:40', '2026-02-04 18:42:40'),
(180, 'CÓRDOBA', '13212', 6, '2026-02-04 18:42:40', '2026-02-04 18:42:40'),
(181, 'CLEMENCIA', '13222', 6, '2026-02-04 18:42:40', '2026-02-04 18:42:40'),
(182, 'EL CARMEN DE BOLÍVAR', '13244', 6, '2026-02-04 18:42:40', '2026-02-04 18:42:40'),
(183, 'EL GUAMO', '13248', 6, '2026-02-04 18:42:40', '2026-02-04 18:42:40'),
(184, 'EL PEÑÓN', '13268', 6, '2026-02-04 18:42:40', '2026-02-04 18:42:40'),
(185, 'HATILLO DE LOBA', '13300', 6, '2026-02-04 18:42:40', '2026-02-04 18:42:40'),
(186, 'MAGANGUÉ', '13430', 6, '2026-02-04 18:42:40', '2026-02-04 18:42:40'),
(187, 'MAHATES', '13433', 6, '2026-02-04 18:42:40', '2026-02-04 18:42:40'),
(188, 'MARGARITA', '13440', 6, '2026-02-04 18:42:40', '2026-02-04 18:42:40'),
(189, 'MARÍA LA BAJA', '13442', 6, '2026-02-04 18:42:40', '2026-02-04 18:42:40'),
(190, 'MONTECRISTO', '13458', 6, '2026-02-04 18:42:40', '2026-02-04 18:42:40'),
(191, 'MOMPÓS', '13468', 6, '2026-02-04 18:42:40', '2026-02-04 18:42:40'),
(192, 'MORALES', '13473', 6, '2026-02-04 18:42:40', '2026-02-04 18:42:40'),
(193, 'NOROSÍ', '13490', 6, '2026-02-04 18:42:40', '2026-02-04 18:42:40'),
(194, 'PINILLOS', '13549', 6, '2026-02-04 18:42:40', '2026-02-04 18:42:40'),
(195, 'REGIDOR', '13580', 6, '2026-02-04 18:42:40', '2026-02-04 18:42:40'),
(196, 'RÍO VIEJO', '13600', 6, '2026-02-04 18:42:40', '2026-02-04 18:42:40'),
(197, 'SAN CRISTÓBAL', '13620', 6, '2026-02-04 18:42:40', '2026-02-04 18:42:40'),
(198, 'SAN ESTANISLAO', '13647', 6, '2026-02-04 18:42:40', '2026-02-04 18:42:40'),
(199, 'SAN FERNANDO', '13650', 6, '2026-02-04 18:42:40', '2026-02-04 18:42:40'),
(200, 'SAN JACINTO', '13654', 6, '2026-02-04 18:42:40', '2026-02-04 18:42:40'),
(201, 'SAN JACINTO DEL CAUCA', '13655', 6, '2026-02-04 18:42:40', '2026-02-04 18:42:40'),
(202, 'SAN JUAN NEPOMUCENO', '13657', 6, '2026-02-04 18:42:40', '2026-02-04 18:42:40'),
(203, 'SAN MARTÍN DE LOBA', '13667', 6, '2026-02-04 18:42:40', '2026-02-04 18:42:40'),
(204, 'SAN PABLO SUR', '13670', 6, '2026-02-04 18:42:40', '2026-02-04 18:42:40'),
(205, 'SANTA CATALINA', '13673', 6, '2026-02-04 18:42:40', '2026-02-04 18:42:40'),
(206, 'SANTA ROSA DE LIMA', '13683', 6, '2026-02-04 18:42:40', '2026-02-04 18:42:40'),
(207, 'SANTA ROSA DEL SUR', '13688', 6, '2026-02-04 18:42:40', '2026-02-04 18:42:40'),
(208, 'SIMITÍ', '13744', 6, '2026-02-04 18:42:40', '2026-02-04 18:42:40'),
(209, 'SOPLAVIENTO', '13760', 6, '2026-02-04 18:42:40', '2026-02-04 18:42:40'),
(210, 'TALAIGUA NUEVO', '13780', 6, '2026-02-04 18:42:40', '2026-02-04 18:42:40'),
(211, 'TIQUISIO', '13810', 6, '2026-02-04 18:42:40', '2026-02-04 18:42:40'),
(212, 'TURBACO', '13836', 6, '2026-02-04 18:42:40', '2026-02-04 18:42:40'),
(213, 'TURBANÁ', '13838', 6, '2026-02-04 18:42:40', '2026-02-04 18:42:40'),
(214, 'VILLANUEVA', '13873', 6, '2026-02-04 18:42:40', '2026-02-04 18:42:40'),
(215, 'ZAMBRANO', '13894', 6, '2026-02-04 18:42:40', '2026-02-04 18:42:40'),
(216, 'TUNJA', '15001', 7, '2026-02-04 18:42:40', '2026-02-04 18:42:40'),
(217, 'ALMEIDA', '15022', 7, '2026-02-04 18:42:40', '2026-02-04 18:42:40'),
(218, 'AQUITANIA', '15047', 7, '2026-02-04 18:42:40', '2026-02-04 18:42:40'),
(219, 'ARCABUCO', '15051', 7, '2026-02-04 18:42:40', '2026-02-04 18:42:40'),
(220, 'BELÉN', '15087', 7, '2026-02-04 18:42:40', '2026-02-04 18:42:40'),
(221, 'BERBEO', '15090', 7, '2026-02-04 18:42:40', '2026-02-04 18:42:40'),
(222, 'BETÉITIVA', '15092', 7, '2026-02-04 18:42:40', '2026-02-04 18:42:40'),
(223, 'BOAVITA', '15097', 7, '2026-02-04 18:42:40', '2026-02-04 18:42:40'),
(224, 'BOYACÁ', '15104', 7, '2026-02-04 18:42:40', '2026-02-04 18:42:40'),
(225, 'BRICEÑO', '15106', 7, '2026-02-04 18:42:40', '2026-02-04 18:42:40'),
(226, 'BUENAVISTA', '15109', 7, '2026-02-04 18:42:40', '2026-02-04 18:42:40'),
(227, 'BUSBANZÁ', '15114', 7, '2026-02-04 18:42:40', '2026-02-04 18:42:40'),
(228, 'CALDAS', '15131', 7, '2026-02-04 18:42:40', '2026-02-04 18:42:40'),
(229, 'CAMPOHERMOSO', '15135', 7, '2026-02-04 18:42:40', '2026-02-04 18:42:40'),
(230, 'CERINZA', '15162', 7, '2026-02-04 18:42:40', '2026-02-04 18:42:40'),
(231, 'CHINAVITA', '15172', 7, '2026-02-04 18:42:40', '2026-02-04 18:42:40'),
(232, 'CHIQUINQUIRÁ', '15176', 7, '2026-02-04 18:42:40', '2026-02-04 18:42:40'),
(233, 'CHISCAS', '15180', 7, '2026-02-04 18:42:40', '2026-02-04 18:42:40'),
(234, 'CHITA', '15183', 7, '2026-02-04 18:42:40', '2026-02-04 18:42:40'),
(235, 'CHITARAQUE', '15185', 7, '2026-02-04 18:42:40', '2026-02-04 18:42:40'),
(236, 'CHIVATÁ', '15187', 7, '2026-02-04 18:42:40', '2026-02-04 18:42:40'),
(237, 'CIÉNEGA', '15189', 7, '2026-02-04 18:42:40', '2026-02-04 18:42:40'),
(238, 'CÓMBITA', '15204', 7, '2026-02-04 18:42:40', '2026-02-04 18:42:40'),
(239, 'COPER', '15212', 7, '2026-02-04 18:42:40', '2026-02-04 18:42:40'),
(240, 'CORRALES', '15215', 7, '2026-02-04 18:42:40', '2026-02-04 18:42:40'),
(241, 'COVARACHÍA', '15218', 7, '2026-02-04 18:42:40', '2026-02-04 18:42:40'),
(242, 'CUBARÁ', '15223', 7, '2026-02-04 18:42:40', '2026-02-04 18:42:40'),
(243, 'CUCAITA', '15224', 7, '2026-02-04 18:42:40', '2026-02-04 18:42:40'),
(244, 'CUÍTIVA', '15226', 7, '2026-02-04 18:42:40', '2026-02-04 18:42:40'),
(245, 'CHÍQUIZA', '15232', 7, '2026-02-04 18:42:40', '2026-02-04 18:42:40'),
(246, 'CHIVOR', '15236', 7, '2026-02-04 18:42:40', '2026-02-04 18:42:40'),
(247, 'DUITAMA', '15238', 7, '2026-02-04 18:42:40', '2026-02-04 18:42:40'),
(248, 'EL COCUY', '15244', 7, '2026-02-04 18:42:40', '2026-02-04 18:42:40'),
(249, 'EL ESPINO', '15248', 7, '2026-02-04 18:42:40', '2026-02-04 18:42:40'),
(250, 'FIRAVITOBA', '15272', 7, '2026-02-04 18:42:40', '2026-02-04 18:42:40'),
(251, 'FLORESTA', '15276', 7, '2026-02-04 18:42:40', '2026-02-04 18:42:40'),
(252, 'GACHANTIVÁ', '15293', 7, '2026-02-04 18:42:40', '2026-02-04 18:42:40'),
(253, 'GÁMEZA', '15296', 7, '2026-02-04 18:42:40', '2026-02-04 18:42:40'),
(254, 'GARAGOA', '15299', 7, '2026-02-04 18:42:40', '2026-02-04 18:42:40'),
(255, 'GUACAMAYAS', '15317', 7, '2026-02-04 18:42:40', '2026-02-04 18:42:40'),
(256, 'GUATEQUE', '15322', 7, '2026-02-04 18:42:40', '2026-02-04 18:42:40'),
(257, 'GUAYATÁ', '15325', 7, '2026-02-04 18:42:40', '2026-02-04 18:42:40'),
(258, 'GÜICÁN DE LA SIERRA', '15332', 7, '2026-02-04 18:42:40', '2026-02-04 18:42:40'),
(259, 'IZA', '15362', 7, '2026-02-04 18:42:40', '2026-02-04 18:42:40'),
(260, 'JENESANO', '15367', 7, '2026-02-04 18:42:40', '2026-02-04 18:42:40'),
(261, 'JERICÓ', '15368', 7, '2026-02-04 18:42:40', '2026-02-04 18:42:40'),
(262, 'LABRANZAGRANDE', '15377', 7, '2026-02-04 18:42:40', '2026-02-04 18:42:40'),
(263, 'LA CAPILLA', '15380', 7, '2026-02-04 18:42:40', '2026-02-04 18:42:40'),
(264, 'LA VICTORIA', '15401', 7, '2026-02-04 18:42:40', '2026-02-04 18:42:40'),
(265, 'LA UVITA', '15403', 7, '2026-02-04 18:42:40', '2026-02-04 18:42:40'),
(266, 'VILLA DE LEYVA', '15407', 7, '2026-02-04 18:42:40', '2026-02-04 18:42:40'),
(267, 'MACANAL', '15425', 7, '2026-02-04 18:42:40', '2026-02-04 18:42:40'),
(268, 'MARIPÍ', '15442', 7, '2026-02-04 18:42:40', '2026-02-04 18:42:40'),
(269, 'MIRAFLORES', '15455', 7, '2026-02-04 18:42:40', '2026-02-04 18:42:40'),
(270, 'MONGUA', '15464', 7, '2026-02-04 18:42:40', '2026-02-04 18:42:40'),
(271, 'MONGUÍ', '15466', 7, '2026-02-04 18:42:40', '2026-02-04 18:42:40'),
(272, 'MONIQUIRÁ', '15469', 7, '2026-02-04 18:42:40', '2026-02-04 18:42:40'),
(273, 'MOTAVITA', '15476', 7, '2026-02-04 18:42:40', '2026-02-04 18:42:40'),
(274, 'MUZO', '15480', 7, '2026-02-04 18:42:40', '2026-02-04 18:42:40'),
(275, 'NOBSA', '15491', 7, '2026-02-04 18:42:40', '2026-02-04 18:42:40'),
(276, 'NUEVO COLÓN', '15494', 7, '2026-02-04 18:42:40', '2026-02-04 18:42:40'),
(277, 'OICATÁ', '15500', 7, '2026-02-04 18:42:40', '2026-02-04 18:42:40'),
(278, 'OTANCHE', '15507', 7, '2026-02-04 18:42:40', '2026-02-04 18:42:40'),
(279, 'PACHAVITA', '15511', 7, '2026-02-04 18:42:40', '2026-02-04 18:42:40'),
(280, 'PÁEZ', '15514', 7, '2026-02-04 18:42:40', '2026-02-04 18:42:40'),
(281, 'PAIPA', '15516', 7, '2026-02-04 18:42:40', '2026-02-04 18:42:40'),
(282, 'PAJARITO', '15518', 7, '2026-02-04 18:42:40', '2026-02-04 18:42:40'),
(283, 'PANQUEBA', '15522', 7, '2026-02-04 18:42:40', '2026-02-04 18:42:40'),
(284, 'PAUNA', '15531', 7, '2026-02-04 18:42:40', '2026-02-04 18:42:40'),
(285, 'PAYA', '15533', 7, '2026-02-04 18:42:40', '2026-02-04 18:42:40'),
(286, 'PAZ DE RÍO', '15537', 7, '2026-02-04 18:42:40', '2026-02-04 18:42:40'),
(287, 'PESCA', '15542', 7, '2026-02-04 18:42:40', '2026-02-04 18:42:40'),
(288, 'PISBA', '15550', 7, '2026-02-04 18:42:40', '2026-02-04 18:42:40'),
(289, 'PUERTO BOYACÁ', '15572', 7, '2026-02-04 18:42:40', '2026-02-04 18:42:40'),
(290, 'QUÍPAMA', '15580', 7, '2026-02-04 18:42:40', '2026-02-04 18:42:40'),
(291, 'RAMIRIQUÍ', '15599', 7, '2026-02-04 18:42:40', '2026-02-04 18:42:40'),
(292, 'RÁQUIRA', '15600', 7, '2026-02-04 18:42:40', '2026-02-04 18:42:40'),
(293, 'RONDÓN', '15621', 7, '2026-02-04 18:42:40', '2026-02-04 18:42:40'),
(294, 'SABOYÁ', '15632', 7, '2026-02-04 18:42:40', '2026-02-04 18:42:40'),
(295, 'SÁCHICA', '15638', 7, '2026-02-04 18:42:40', '2026-02-04 18:42:40'),
(296, 'SAMACÁ', '15646', 7, '2026-02-04 18:42:40', '2026-02-04 18:42:40'),
(297, 'SAN EDUARDO', '15660', 7, '2026-02-04 18:42:40', '2026-02-04 18:42:40'),
(298, 'SAN JOSÉ DE PARE', '15664', 7, '2026-02-04 18:42:40', '2026-02-04 18:42:40'),
(299, 'SAN LUIS DE GACENO', '15667', 7, '2026-02-04 18:42:40', '2026-02-04 18:42:40'),
(300, 'SAN MATEO', '15673', 7, '2026-02-04 18:42:40', '2026-02-04 18:42:40'),
(301, 'SAN MIGUEL DE SEMA', '15676', 7, '2026-02-04 18:42:40', '2026-02-04 18:42:40'),
(302, 'SAN PABLO DE BORBUR', '15681', 7, '2026-02-04 18:42:40', '2026-02-04 18:42:40'),
(303, 'SANTANA', '15686', 7, '2026-02-04 18:42:40', '2026-02-04 18:42:40'),
(304, 'SANTA MARÍA', '15690', 7, '2026-02-04 18:42:40', '2026-02-04 18:42:40'),
(305, 'SANTA ROSA DE VITERBO', '15693', 7, '2026-02-04 18:42:40', '2026-02-04 18:42:40'),
(306, 'SANTA SOFÍA', '15696', 7, '2026-02-04 18:42:40', '2026-02-04 18:42:40'),
(307, 'SATIVANORTE', '15720', 7, '2026-02-04 18:42:40', '2026-02-04 18:42:40'),
(308, 'SATIVASUR', '15723', 7, '2026-02-04 18:42:40', '2026-02-04 18:42:40'),
(309, 'SIACHOQUE', '15740', 7, '2026-02-04 18:42:40', '2026-02-04 18:42:40'),
(310, 'SOATÁ', '15753', 7, '2026-02-04 18:42:40', '2026-02-04 18:42:40'),
(311, 'SOCOTÁ', '15755', 7, '2026-02-04 18:42:40', '2026-02-04 18:42:40'),
(312, 'SOCHA', '15757', 7, '2026-02-04 18:42:40', '2026-02-04 18:42:40'),
(313, 'SOGAMOSO', '15759', 7, '2026-02-04 18:42:40', '2026-02-04 18:42:40'),
(314, 'SOMONDOCO', '15761', 7, '2026-02-04 18:42:40', '2026-02-04 18:42:40'),
(315, 'SORA', '15762', 7, '2026-02-04 18:42:40', '2026-02-04 18:42:40'),
(316, 'SOTAQUIRÁ', '15763', 7, '2026-02-04 18:42:40', '2026-02-04 18:42:40'),
(317, 'SORACÁ', '15764', 7, '2026-02-04 18:42:40', '2026-02-04 18:42:40'),
(318, 'SUSACÓN', '15774', 7, '2026-02-04 18:42:40', '2026-02-04 18:42:40'),
(319, 'SUTAMARCHÁN', '15776', 7, '2026-02-04 18:42:40', '2026-02-04 18:42:40'),
(320, 'SUTATENZA', '15778', 7, '2026-02-04 18:42:40', '2026-02-04 18:42:40'),
(321, 'TASCO', '15790', 7, '2026-02-04 18:42:40', '2026-02-04 18:42:40'),
(322, 'TENZA', '15798', 7, '2026-02-04 18:42:40', '2026-02-04 18:42:40'),
(323, 'TIBANÁ', '15804', 7, '2026-02-04 18:42:40', '2026-02-04 18:42:40'),
(324, 'TIBASOSA', '15806', 7, '2026-02-04 18:42:40', '2026-02-04 18:42:40'),
(325, 'TINJACÁ', '15808', 7, '2026-02-04 18:42:40', '2026-02-04 18:42:40'),
(326, 'TIPACOQUE', '15810', 7, '2026-02-04 18:42:40', '2026-02-04 18:42:40'),
(327, 'TOCA', '15814', 7, '2026-02-04 18:42:40', '2026-02-04 18:42:40'),
(328, 'TOGÜÍ', '15816', 7, '2026-02-04 18:42:40', '2026-02-04 18:42:40'),
(329, 'TÓPAGA', '15820', 7, '2026-02-04 18:42:40', '2026-02-04 18:42:40'),
(330, 'TOTA', '15822', 7, '2026-02-04 18:42:40', '2026-02-04 18:42:40'),
(331, 'TUNUNGUÁ', '15832', 7, '2026-02-04 18:42:40', '2026-02-04 18:42:40'),
(332, 'TURMEQUÉ', '15835', 7, '2026-02-04 18:42:40', '2026-02-04 18:42:40'),
(333, 'TUTA', '15837', 7, '2026-02-04 18:42:40', '2026-02-04 18:42:40'),
(334, 'TUTAZÁ', '15839', 7, '2026-02-04 18:42:40', '2026-02-04 18:42:40'),
(335, 'ÚMBITA', '15842', 7, '2026-02-04 18:42:40', '2026-02-04 18:42:40'),
(336, 'VENTAQUEMADA', '15861', 7, '2026-02-04 18:42:40', '2026-02-04 18:42:40'),
(337, 'VIRACACHÁ', '15879', 7, '2026-02-04 18:42:40', '2026-02-04 18:42:40'),
(338, 'ZETAQUIRA', '15897', 7, '2026-02-04 18:42:40', '2026-02-04 18:42:40'),
(339, 'MANIZALES', '17001', 8, '2026-02-04 18:42:40', '2026-02-04 18:42:40'),
(340, 'AGUADAS', '17013', 8, '2026-02-04 18:42:40', '2026-02-04 18:42:40'),
(341, 'ANSERMA', '17042', 8, '2026-02-04 18:42:40', '2026-02-04 18:42:40'),
(342, 'ARANZAZU', '17050', 8, '2026-02-04 18:42:40', '2026-02-04 18:42:40'),
(343, 'BELALCÁZAR', '17088', 8, '2026-02-04 18:42:40', '2026-02-04 18:42:40'),
(344, 'CHINCHINÁ', '17174', 8, '2026-02-04 18:42:40', '2026-02-04 18:42:40'),
(345, 'FILADELFIA', '17272', 8, '2026-02-04 18:42:40', '2026-02-04 18:42:40'),
(346, 'LA DORADA', '17380', 8, '2026-02-04 18:42:40', '2026-02-04 18:42:40'),
(347, 'LA MERCED', '17388', 8, '2026-02-04 18:42:40', '2026-02-04 18:42:40'),
(348, 'MANZANARES', '17433', 8, '2026-02-04 18:42:40', '2026-02-04 18:42:40'),
(349, 'MARMATO', '17442', 8, '2026-02-04 18:42:40', '2026-02-04 18:42:40'),
(350, 'MARQUETALIA', '17444', 8, '2026-02-04 18:42:40', '2026-02-04 18:42:40'),
(351, 'MARULANDA', '17446', 8, '2026-02-04 18:42:40', '2026-02-04 18:42:40'),
(352, 'NEIRA', '17486', 8, '2026-02-04 18:42:40', '2026-02-04 18:42:40'),
(353, 'NORCASIA', '17495', 8, '2026-02-04 18:42:40', '2026-02-04 18:42:40'),
(354, 'PÁCORA', '17513', 8, '2026-02-04 18:42:40', '2026-02-04 18:42:40'),
(355, 'PALESTINA', '17524', 8, '2026-02-04 18:42:40', '2026-02-04 18:42:40'),
(356, 'PENSILVANIA', '17541', 8, '2026-02-04 18:42:40', '2026-02-04 18:42:40'),
(357, 'RIOSUCIO', '17614', 8, '2026-02-04 18:42:40', '2026-02-04 18:42:40'),
(358, 'RISARALDA', '17616', 8, '2026-02-04 18:42:40', '2026-02-04 18:42:40'),
(359, 'SALAMINA', '17653', 8, '2026-02-04 18:42:40', '2026-02-04 18:42:40'),
(360, 'SAMANÁ', '17662', 8, '2026-02-04 18:42:40', '2026-02-04 18:42:40'),
(361, 'SAN JOSÉ', '17665', 8, '2026-02-04 18:42:40', '2026-02-04 18:42:40'),
(362, 'SUPÍA', '17777', 8, '2026-02-04 18:42:40', '2026-02-04 18:42:40'),
(363, 'VICTORIA', '17867', 8, '2026-02-04 18:42:40', '2026-02-04 18:42:40'),
(364, 'VILLAMARÍA', '17873', 8, '2026-02-04 18:42:40', '2026-02-04 18:42:40'),
(365, 'VITERBO', '17877', 8, '2026-02-04 18:42:40', '2026-02-04 18:42:40'),
(366, 'FLORENCIA', '18001', 9, '2026-02-04 18:42:40', '2026-02-04 18:42:40'),
(367, 'ALBANIA', '18029', 9, '2026-02-04 18:42:40', '2026-02-04 18:42:40'),
(368, 'BELÉN DE LOS ANDAQUÍES', '18094', 9, '2026-02-04 18:42:40', '2026-02-04 18:42:40'),
(369, 'CARTAGENA DEL CHAIRÁ', '18150', 9, '2026-02-04 18:42:40', '2026-02-04 18:42:40'),
(370, 'CURILLO', '18205', 9, '2026-02-04 18:42:40', '2026-02-04 18:42:40'),
(371, 'EL DONCELLO', '18247', 9, '2026-02-04 18:42:40', '2026-02-04 18:42:40'),
(372, 'EL PAUJÍL', '18256', 9, '2026-02-04 18:42:40', '2026-02-04 18:42:40'),
(373, 'LA MONTAÑITA', '18410', 9, '2026-02-04 18:42:40', '2026-02-04 18:42:40'),
(374, 'MILÁN', '18460', 9, '2026-02-04 18:42:40', '2026-02-04 18:42:40'),
(375, 'MORELIA', '18479', 9, '2026-02-04 18:42:40', '2026-02-04 18:42:40'),
(376, 'PUERTO RICO', '18592', 9, '2026-02-04 18:42:40', '2026-02-04 18:42:40'),
(377, 'SAN JOSÉ DEL FRAGUA', '18610', 9, '2026-02-04 18:42:40', '2026-02-04 18:42:40'),
(378, 'SAN VICENTE DEL CAGUÁN', '18753', 9, '2026-02-04 18:42:40', '2026-02-04 18:42:40'),
(379, 'SOLANO', '18756', 9, '2026-02-04 18:42:40', '2026-02-04 18:42:40'),
(380, 'SOLITA', '18785', 9, '2026-02-04 18:42:40', '2026-02-04 18:42:40'),
(381, 'VALPARAÍSO', '18860', 9, '2026-02-04 18:42:40', '2026-02-04 18:42:40'),
(382, 'YOPAL', '85001', 10, '2026-02-04 18:42:40', '2026-02-04 18:42:40'),
(383, 'AGUAZUL', '85010', 10, '2026-02-04 18:42:40', '2026-02-04 18:42:40'),
(384, 'CHÁMEZA', '85015', 10, '2026-02-04 18:42:40', '2026-02-04 18:42:40'),
(385, 'HATO COROZAL', '85125', 10, '2026-02-04 18:42:40', '2026-02-04 18:42:40'),
(386, 'LA SALINA', '85136', 10, '2026-02-04 18:42:40', '2026-02-04 18:42:40'),
(387, 'MANÍ', '85139', 10, '2026-02-04 18:42:40', '2026-02-04 18:42:40'),
(388, 'MONTERREY', '85162', 10, '2026-02-04 18:42:40', '2026-02-04 18:42:40'),
(389, 'NUNCHÍA', '85225', 10, '2026-02-04 18:42:40', '2026-02-04 18:42:40'),
(390, 'OROCUÉ', '85230', 10, '2026-02-04 18:42:40', '2026-02-04 18:42:40'),
(391, 'PAZ DE ARIPORO', '85250', 10, '2026-02-04 18:42:40', '2026-02-04 18:42:40'),
(392, 'PORE', '85263', 10, '2026-02-04 18:42:40', '2026-02-04 18:42:40'),
(393, 'RECETOR', '85279', 10, '2026-02-04 18:42:40', '2026-02-04 18:42:40'),
(394, 'SABANALARGA', '85300', 10, '2026-02-04 18:42:40', '2026-02-04 18:42:40'),
(395, 'SÁCAMA', '85315', 10, '2026-02-04 18:42:40', '2026-02-04 18:42:40'),
(396, 'SAN LUIS DE PALENQUE', '85325', 10, '2026-02-04 18:42:40', '2026-02-04 18:42:40'),
(397, 'TÁMARA', '85400', 10, '2026-02-04 18:42:40', '2026-02-04 18:42:40'),
(398, 'TAURAMENA', '85410', 10, '2026-02-04 18:42:40', '2026-02-04 18:42:40'),
(399, 'TRINIDAD', '85430', 10, '2026-02-04 18:42:40', '2026-02-04 18:42:40'),
(400, 'VILLANUEVA', '85440', 10, '2026-02-04 18:42:40', '2026-02-04 18:42:40'),
(401, 'POPAYÁN', '19001', 11, '2026-02-04 18:42:40', '2026-02-04 18:42:40'),
(402, 'ALMAGUER', '19022', 11, '2026-02-04 18:42:40', '2026-02-04 18:42:40'),
(403, 'ARGELIA', '19050', 11, '2026-02-04 18:42:40', '2026-02-04 18:42:40'),
(404, 'BALBOA', '19075', 11, '2026-02-04 18:42:40', '2026-02-04 18:42:40'),
(405, 'BOLÍVAR', '19100', 11, '2026-02-04 18:42:40', '2026-02-04 18:42:40'),
(406, 'BUENOS AIRES', '19110', 11, '2026-02-04 18:42:40', '2026-02-04 18:42:40'),
(407, 'CAJIBÍO', '19130', 11, '2026-02-04 18:42:40', '2026-02-04 18:42:40'),
(408, 'CALDONO', '19137', 11, '2026-02-04 18:42:40', '2026-02-04 18:42:40'),
(409, 'CALOTO', '19142', 11, '2026-02-04 18:42:40', '2026-02-04 18:42:40'),
(410, 'CORINTO', '19212', 11, '2026-02-04 18:42:40', '2026-02-04 18:42:40'),
(411, 'EL TAMBO', '19256', 11, '2026-02-04 18:42:40', '2026-02-04 18:42:40'),
(412, 'FLORENCIA', '19290', 11, '2026-02-04 18:42:40', '2026-02-04 18:42:40'),
(413, 'GUACHENÉ', '19300', 11, '2026-02-04 18:42:40', '2026-02-04 18:42:40'),
(414, 'GUAPÍ', '19318', 11, '2026-02-04 18:42:40', '2026-02-04 18:42:40'),
(415, 'INZÁ', '19355', 11, '2026-02-04 18:42:40', '2026-02-04 18:42:40'),
(416, 'JAMBALÓ', '19364', 11, '2026-02-04 18:42:40', '2026-02-04 18:42:40'),
(417, 'LA SIERRA', '19392', 11, '2026-02-04 18:42:40', '2026-02-04 18:42:40'),
(418, 'LA VEGA', '19397', 11, '2026-02-04 18:42:40', '2026-02-04 18:42:40'),
(419, 'LÓPEZ DE MICAY', '19418', 11, '2026-02-04 18:42:40', '2026-02-04 18:42:40'),
(420, 'MERCADERES', '19450', 11, '2026-02-04 18:42:40', '2026-02-04 18:42:40'),
(421, 'MIRANDA', '19455', 11, '2026-02-04 18:42:40', '2026-02-04 18:42:40'),
(422, 'MORALES', '19473', 11, '2026-02-04 18:42:40', '2026-02-04 18:42:40'),
(423, 'PADILLA', '19513', 11, '2026-02-04 18:42:40', '2026-02-04 18:42:40'),
(424, 'PÁEZ ‐ BELALCAZAR', '19517', 11, '2026-02-04 18:42:40', '2026-02-04 18:42:40'),
(425, 'PATÍA – EL BORDO', '19532', 11, '2026-02-04 18:42:40', '2026-02-04 18:42:40'),
(426, 'PIAMONTE', '19533', 11, '2026-02-04 18:42:40', '2026-02-04 18:42:40'),
(427, 'PIENDAMÓ – TUNÍA', '19548', 11, '2026-02-04 18:42:40', '2026-02-04 18:42:40'),
(428, 'PUERTO TEJADA', '19573', 11, '2026-02-04 18:42:40', '2026-02-04 18:42:40'),
(429, 'PURACÉ ‐ COCONUCO', '19585', 11, '2026-02-04 18:42:40', '2026-02-04 18:42:40'),
(430, 'ROSAS', '19622', 11, '2026-02-04 18:42:40', '2026-02-04 18:42:40'),
(431, 'SAN SEBASTIÁN', '19693', 11, '2026-02-04 18:42:40', '2026-02-04 18:42:40'),
(432, 'SANTANDER DE QUILICHAO', '19698', 11, '2026-02-04 18:42:40', '2026-02-04 18:42:40'),
(433, 'SANTA ROSA', '19701', 11, '2026-02-04 18:42:40', '2026-02-04 18:42:40'),
(434, 'SILVIA', '19743', 11, '2026-02-04 18:42:40', '2026-02-04 18:42:40'),
(435, 'SOTARA', '19760', 11, '2026-02-04 18:42:40', '2026-02-04 18:42:40'),
(436, 'SUÁREZ', '19780', 11, '2026-02-04 18:42:40', '2026-02-04 18:42:40'),
(437, 'SUCRE', '19785', 11, '2026-02-04 18:42:40', '2026-02-04 18:42:40'),
(438, 'TIMBÍO', '19807', 11, '2026-02-04 18:42:40', '2026-02-04 18:42:40'),
(439, 'TIMBIQUÍ', '19809', 11, '2026-02-04 18:42:40', '2026-02-04 18:42:40'),
(440, 'TORIBÍO', '19821', 11, '2026-02-04 18:42:40', '2026-02-04 18:42:40'),
(441, 'TOTORÓ', '19824', 11, '2026-02-04 18:42:40', '2026-02-04 18:42:40'),
(442, 'VILLA RICA', '19845', 11, '2026-02-04 18:42:40', '2026-02-04 18:42:40'),
(443, 'VALLEDUPAR', '20001', 12, '2026-02-04 18:42:40', '2026-02-04 18:42:40'),
(444, 'AGUACHICA', '20011', 12, '2026-02-04 18:42:40', '2026-02-04 18:42:40'),
(445, 'AGUSTÍN CODAZZI', '20013', 12, '2026-02-04 18:42:40', '2026-02-04 18:42:40'),
(446, 'ASTREA', '20032', 12, '2026-02-04 18:42:40', '2026-02-04 18:42:40'),
(447, 'BECERRIL', '20045', 12, '2026-02-04 18:42:40', '2026-02-04 18:42:40'),
(448, 'BOSCONIA', '20060', 12, '2026-02-04 18:42:40', '2026-02-04 18:42:40'),
(449, 'CHIMICHAGUA', '20175', 12, '2026-02-04 18:42:40', '2026-02-04 18:42:40'),
(450, 'CHIRIGUANÁ', '20178', 12, '2026-02-04 18:42:40', '2026-02-04 18:42:40'),
(451, 'CURUMANÍ', '20228', 12, '2026-02-04 18:42:40', '2026-02-04 18:42:40'),
(452, 'EL COPEY', '20238', 12, '2026-02-04 18:42:40', '2026-02-04 18:42:40'),
(453, 'EL PASO', '20250', 12, '2026-02-04 18:42:40', '2026-02-04 18:42:40'),
(454, 'GAMARRA', '20295', 12, '2026-02-04 18:42:40', '2026-02-04 18:42:40'),
(455, 'GONZÁLEZ', '20310', 12, '2026-02-04 18:42:40', '2026-02-04 18:42:40'),
(456, 'LA GLORIA', '20383', 12, '2026-02-04 18:42:40', '2026-02-04 18:42:40'),
(457, 'LA JAGUA DE IBIRICO', '20400', 12, '2026-02-04 18:42:40', '2026-02-04 18:42:40'),
(458, 'MANAURE BALCÓN DEL CESAR', '20443', 12, '2026-02-04 18:42:40', '2026-02-04 18:42:40'),
(459, 'PAILITAS', '20517', 12, '2026-02-04 18:42:40', '2026-02-04 18:42:40'),
(460, 'PELAYA', '20550', 12, '2026-02-04 18:42:40', '2026-02-04 18:42:40'),
(461, 'PUEBLO BELLO', '20570', 12, '2026-02-04 18:42:40', '2026-02-04 18:42:40'),
(462, 'RÍO DE ORO', '20614', 12, '2026-02-04 18:42:40', '2026-02-04 18:42:40'),
(463, 'LA PAZ', '20621', 12, '2026-02-04 18:42:40', '2026-02-04 18:42:40'),
(464, 'SAN ALBERTO', '20710', 12, '2026-02-04 18:42:40', '2026-02-04 18:42:40'),
(465, 'SAN DIEGO', '20750', 12, '2026-02-04 18:42:40', '2026-02-04 18:42:40'),
(466, 'SAN MARTÍN', '20770', 12, '2026-02-04 18:42:40', '2026-02-04 18:42:40'),
(467, 'TAMALAMEQUE', '20787', 12, '2026-02-04 18:42:40', '2026-02-04 18:42:40'),
(468, 'QUIBDÓ', '27001', 13, '2026-02-04 18:42:40', '2026-02-04 18:42:40'),
(469, 'ACANDÍ', '27006', 13, '2026-02-04 18:42:40', '2026-02-04 18:42:40'),
(470, 'ALTO BAUDÓ (PIE DE PATÓ)', '27025', 13, '2026-02-04 18:42:40', '2026-02-04 18:42:40'),
(471, 'ATRATO (YUTO)', '27050', 13, '2026-02-04 18:42:40', '2026-02-04 18:42:40'),
(472, 'BAGADÓ', '27073', 13, '2026-02-04 18:42:40', '2026-02-04 18:42:40'),
(473, 'BAHÍA SOLANO (MUTIS)', '27075', 13, '2026-02-04 18:42:40', '2026-02-04 18:42:40'),
(474, 'BAJO BAUDÓ (PIZARRO)', '27077', 13, '2026-02-04 18:42:40', '2026-02-04 18:42:40'),
(475, 'BOJAYÁ (BELLA VISTA)', '27099', 13, '2026-02-04 18:42:40', '2026-02-04 18:42:40'),
(476, 'EL CANTÓN DEL SAN PABLO', '27135', 13, '2026-02-04 18:42:40', '2026-02-04 18:42:40'),
(477, 'CARMEN DEL DARIÉN', '27150', 13, '2026-02-04 18:42:40', '2026-02-04 18:42:40'),
(478, 'CÉRTEGUI', '27160', 13, '2026-02-04 18:42:40', '2026-02-04 18:42:40'),
(479, 'CONDOTO', '27205', 13, '2026-02-04 18:42:40', '2026-02-04 18:42:40'),
(480, 'EL CARMEN DE ATRATO', '27245', 13, '2026-02-04 18:42:40', '2026-02-04 18:42:40'),
(481, 'EL LITORAL DEL SAN JUAN', '27250', 13, '2026-02-04 18:42:40', '2026-02-04 18:42:40'),
(482, 'ISTMINA', '27361', 13, '2026-02-04 18:42:40', '2026-02-04 18:42:40'),
(483, 'JURADÓ', '27372', 13, '2026-02-04 18:42:40', '2026-02-04 18:42:40'),
(484, 'LLORÓ', '27413', 13, '2026-02-04 18:42:40', '2026-02-04 18:42:40'),
(485, 'MEDIO ATRATO (BETÉ)', '27425', 13, '2026-02-04 18:42:40', '2026-02-04 18:42:40'),
(486, 'MEDIO BAUDÓ', '27430', 13, '2026-02-04 18:42:40', '2026-02-04 18:42:40'),
(487, 'MEDIO SAN JUAN (ANDAGOYA)', '27450', 13, '2026-02-04 18:42:40', '2026-02-04 18:42:40'),
(488, 'NÓVITA', '27491', 13, '2026-02-04 18:42:40', '2026-02-04 18:42:40'),
(489, 'NUQUÍ', '27495', 13, '2026-02-04 18:42:40', '2026-02-04 18:42:40'),
(490, 'RÍO IRÓ (SANTA RITA)', '27580', 13, '2026-02-04 18:42:40', '2026-02-04 18:42:40'),
(491, 'RÍO QUITO (PAIMADÓ)', '27600', 13, '2026-02-04 18:42:40', '2026-02-04 18:42:40'),
(492, 'RIOSUCIO', '27615', 13, '2026-02-04 18:42:40', '2026-02-04 18:42:40'),
(493, 'SAN JOSÉ DEL PALMAR', '27660', 13, '2026-02-04 18:42:40', '2026-02-04 18:42:40'),
(494, 'SIPÍ', '27745', 13, '2026-02-04 18:42:40', '2026-02-04 18:42:40'),
(495, 'TADÓ', '27787', 13, '2026-02-04 18:42:40', '2026-02-04 18:42:40'),
(496, 'UNGUÍA', '27800', 13, '2026-02-04 18:42:40', '2026-02-04 18:42:40'),
(497, 'UNIÓN PANAMERICANA (LAS ÁNIMAS)', '27810', 13, '2026-02-04 18:42:40', '2026-02-04 18:42:40'),
(498, 'MONTERÍA', '23001', 14, '2026-02-04 18:42:40', '2026-02-04 18:42:40'),
(499, 'AYAPEL', '23068', 14, '2026-02-04 18:42:40', '2026-02-04 18:42:40'),
(500, 'BUENAVISTA', '23079', 14, '2026-02-04 18:42:40', '2026-02-04 18:42:40'),
(501, 'CANALETE', '23090', 14, '2026-02-04 18:42:40', '2026-02-04 18:42:40'),
(502, 'CERETÉ', '23162', 14, '2026-02-04 18:42:40', '2026-02-04 18:42:40'),
(503, 'CHIMÁ', '23168', 14, '2026-02-04 18:42:40', '2026-02-04 18:42:40'),
(504, 'CHINÚ', '23182', 14, '2026-02-04 18:42:40', '2026-02-04 18:42:40'),
(505, 'CIÉNAGA DE ORO', '23189', 14, '2026-02-04 18:42:40', '2026-02-04 18:42:40'),
(506, 'COTORRA', '23300', 14, '2026-02-04 18:42:40', '2026-02-04 18:42:40'),
(507, 'LA APARTADA', '23350', 14, '2026-02-04 18:42:40', '2026-02-04 18:42:40'),
(508, 'LORICA', '23417', 14, '2026-02-04 18:42:40', '2026-02-04 18:42:40'),
(509, 'LOS CÓRDOBAS', '23419', 14, '2026-02-04 18:42:40', '2026-02-04 18:42:40'),
(510, 'MOMIL', '23464', 14, '2026-02-04 18:42:40', '2026-02-04 18:42:40'),
(511, 'MONTELÍBANO', '23466', 14, '2026-02-04 18:42:40', '2026-02-04 18:42:40'),
(512, 'MOÑITOS', '23500', 14, '2026-02-04 18:42:40', '2026-02-04 18:42:40'),
(513, 'PLANETA RICA', '23555', 14, '2026-02-04 18:42:40', '2026-02-04 18:42:40'),
(514, 'PUEBLO NUEVO', '23570', 14, '2026-02-04 18:42:40', '2026-02-04 18:42:40'),
(515, 'PUERTO ESCONDIDO', '23574', 14, '2026-02-04 18:42:40', '2026-02-04 18:42:40'),
(516, 'PUERTO LIBERTADOR', '23580', 14, '2026-02-04 18:42:40', '2026-02-04 18:42:40'),
(517, 'PURÍSIMA DE LA CONCEPCIÓN', '23586', 14, '2026-02-04 18:42:40', '2026-02-04 18:42:40'),
(518, 'SAHAGÚN', '23660', 14, '2026-02-04 18:42:40', '2026-02-04 18:42:40'),
(519, 'SAN ANDRÉS DE SOTAVENTO', '23670', 14, '2026-02-04 18:42:40', '2026-02-04 18:42:40'),
(520, 'SAN ANTERO', '23672', 14, '2026-02-04 18:42:40', '2026-02-04 18:42:40'),
(521, 'SAN BERNARDO DEL VIENTO', '23675', 14, '2026-02-04 18:42:40', '2026-02-04 18:42:40'),
(522, 'SAN CARLOS', '23678', 14, '2026-02-04 18:42:40', '2026-02-04 18:42:40'),
(523, 'SAN JOSÉ DE URÉ', '23682', 14, '2026-02-04 18:42:40', '2026-02-04 18:42:40'),
(524, 'SAN PELAYO', '23686', 14, '2026-02-04 18:42:40', '2026-02-04 18:42:40'),
(525, 'TIERRALTA', '23807', 14, '2026-02-04 18:42:40', '2026-02-04 18:42:40'),
(526, 'TUCHÍN', '23815', 14, '2026-02-04 18:42:40', '2026-02-04 18:42:40'),
(527, 'VALENCIA', '23855', 14, '2026-02-04 18:42:40', '2026-02-04 18:42:40'),
(528, 'AGUA DE DIOS', '25001', 15, '2026-02-04 18:42:40', '2026-02-04 18:42:40'),
(529, 'ALBÁN', '25019', 15, '2026-02-04 18:42:40', '2026-02-04 18:42:40'),
(530, 'ANAPOIMA', '25035', 15, '2026-02-04 18:42:40', '2026-02-04 18:42:40'),
(531, 'ANOLAIMA', '25040', 15, '2026-02-04 18:42:40', '2026-02-04 18:42:40'),
(532, 'ARBELÁEZ', '25053', 15, '2026-02-04 18:42:40', '2026-02-04 18:42:40'),
(533, 'BELTRÁN', '25086', 15, '2026-02-04 18:42:40', '2026-02-04 18:42:40'),
(534, 'BITUIMA', '25095', 15, '2026-02-04 18:42:40', '2026-02-04 18:42:40'),
(535, 'BOJACÁ', '25099', 15, '2026-02-04 18:42:40', '2026-02-04 18:42:40'),
(536, 'CABRERA', '25120', 15, '2026-02-04 18:42:40', '2026-02-04 18:42:40'),
(537, 'CACHIPAY', '25123', 15, '2026-02-04 18:42:40', '2026-02-04 18:42:40'),
(538, 'CAJICÁ', '25126', 15, '2026-02-04 18:42:40', '2026-02-04 18:42:40'),
(539, 'CAPARRAPÍ', '25148', 15, '2026-02-04 18:42:40', '2026-02-04 18:42:40'),
(540, 'CÁQUEZA', '25151', 15, '2026-02-04 18:42:40', '2026-02-04 18:42:40'),
(541, 'CARMEN DE CARUPA', '25154', 15, '2026-02-04 18:42:40', '2026-02-04 18:42:40'),
(542, 'CHAGUANÍ', '25168', 15, '2026-02-04 18:42:40', '2026-02-04 18:42:40'),
(543, 'CHÍA', '25175', 15, '2026-02-04 18:42:40', '2026-02-04 18:42:40'),
(544, 'CHIPAQUE', '25178', 15, '2026-02-04 18:42:40', '2026-02-04 18:42:40'),
(545, 'CHOACHÍ', '25181', 15, '2026-02-04 18:42:40', '2026-02-04 18:42:40'),
(546, 'CHOCONTÁ', '25183', 15, '2026-02-04 18:42:40', '2026-02-04 18:42:40'),
(547, 'COGUA', '25200', 15, '2026-02-04 18:42:40', '2026-02-04 18:42:40'),
(548, 'COTA', '25214', 15, '2026-02-04 18:42:40', '2026-02-04 18:42:40'),
(549, 'CUCUNUBÁ', '25224', 15, '2026-02-04 18:42:40', '2026-02-04 18:42:40'),
(550, 'EL COLEGIO', '25245', 15, '2026-02-04 18:42:40', '2026-02-04 18:42:40'),
(551, 'EL PEÑÓN', '25258', 15, '2026-02-04 18:42:40', '2026-02-04 18:42:40'),
(552, 'EL ROSAL', '25260', 15, '2026-02-04 18:42:40', '2026-02-04 18:42:40'),
(553, 'FACATATIVÁ', '25269', 15, '2026-02-04 18:42:40', '2026-02-04 18:42:40'),
(554, 'FÓMEQUE', '25279', 15, '2026-02-04 18:42:40', '2026-02-04 18:42:40'),
(555, 'FOSCA', '25281', 15, '2026-02-04 18:42:40', '2026-02-04 18:42:40'),
(556, 'FUNZA', '25286', 15, '2026-02-04 18:42:40', '2026-02-04 18:42:40'),
(557, 'FÚQUENE', '25288', 15, '2026-02-04 18:42:40', '2026-02-04 18:42:40'),
(558, 'FUSAGASUGÁ', '25290', 15, '2026-02-04 18:42:40', '2026-02-04 18:42:40'),
(559, 'GACHALÁ', '25293', 15, '2026-02-04 18:42:40', '2026-02-04 18:42:40'),
(560, 'GACHANCIPÁ', '25295', 15, '2026-02-04 18:42:40', '2026-02-04 18:42:40'),
(561, 'GACHETÁ', '25297', 15, '2026-02-04 18:42:40', '2026-02-04 18:42:40'),
(562, 'GAMA', '25299', 15, '2026-02-04 18:42:40', '2026-02-04 18:42:40'),
(563, 'GIRARDOT', '25307', 15, '2026-02-04 18:42:40', '2026-02-04 18:42:40'),
(564, 'GRANADA', '25312', 15, '2026-02-04 18:42:40', '2026-02-04 18:42:40'),
(565, 'GUACHETÁ', '25317', 15, '2026-02-04 18:42:40', '2026-02-04 18:42:40'),
(566, 'GUADUAS', '25320', 15, '2026-02-04 18:42:40', '2026-02-04 18:42:40'),
(567, 'GUASCA', '25322', 15, '2026-02-04 18:42:40', '2026-02-04 18:42:40'),
(568, 'GUATAQUÍ', '25324', 15, '2026-02-04 18:42:40', '2026-02-04 18:42:40'),
(569, 'GUATAVITA', '25326', 15, '2026-02-04 18:42:40', '2026-02-04 18:42:40'),
(570, 'GUAYABAL DE SÍQUIMA', '25328', 15, '2026-02-04 18:42:40', '2026-02-04 18:42:40'),
(571, 'GUAYABETAL', '25335', 15, '2026-02-04 18:42:40', '2026-02-04 18:42:40'),
(572, 'GUTIÉRREZ', '25339', 15, '2026-02-04 18:42:40', '2026-02-04 18:42:40'),
(573, 'JERUSALÉN', '25368', 15, '2026-02-04 18:42:40', '2026-02-04 18:42:40'),
(574, 'JUNÍN', '25372', 15, '2026-02-04 18:42:40', '2026-02-04 18:42:40'),
(575, 'LA CALERA', '25377', 15, '2026-02-04 18:42:40', '2026-02-04 18:42:40'),
(576, 'LA MESA', '25386', 15, '2026-02-04 18:42:40', '2026-02-04 18:42:40'),
(577, 'LA PALMA', '25394', 15, '2026-02-04 18:42:40', '2026-02-04 18:42:40'),
(578, 'LA PEÑA', '25398', 15, '2026-02-04 18:42:40', '2026-02-04 18:42:40'),
(579, 'LA VEGA', '25402', 15, '2026-02-04 18:42:40', '2026-02-04 18:42:40'),
(580, 'LENGUAZAQUE', '25407', 15, '2026-02-04 18:42:40', '2026-02-04 18:42:40'),
(581, 'MACHETÁ', '25426', 15, '2026-02-04 18:42:40', '2026-02-04 18:42:40'),
(582, 'MADRID', '25430', 15, '2026-02-04 18:42:40', '2026-02-04 18:42:40'),
(583, 'MANTA', '25436', 15, '2026-02-04 18:42:40', '2026-02-04 18:42:40'),
(584, 'MEDINA', '25438', 15, '2026-02-04 18:42:40', '2026-02-04 18:42:40'),
(585, 'MOSQUERA', '25473', 15, '2026-02-04 18:42:40', '2026-02-04 18:42:40'),
(586, 'NARIÑO', '25483', 15, '2026-02-04 18:42:40', '2026-02-04 18:42:40'),
(587, 'NEMOCÓN', '25486', 15, '2026-02-04 18:42:40', '2026-02-04 18:42:40'),
(588, 'NILO', '25488', 15, '2026-02-04 18:42:40', '2026-02-04 18:42:40'),
(589, 'NIMAIMA', '25489', 15, '2026-02-04 18:42:40', '2026-02-04 18:42:40'),
(590, 'NOCAIMA', '25491', 15, '2026-02-04 18:42:40', '2026-02-04 18:42:40'),
(591, 'VENECIA', '25506', 15, '2026-02-04 18:42:40', '2026-02-04 18:42:40'),
(592, 'PACHO', '25513', 15, '2026-02-04 18:42:40', '2026-02-04 18:42:40'),
(593, 'PAIME', '25518', 15, '2026-02-04 18:42:40', '2026-02-04 18:42:40'),
(594, 'PANDI', '25524', 15, '2026-02-04 18:42:40', '2026-02-04 18:42:40'),
(595, 'PARATEBUENO', '25530', 15, '2026-02-04 18:42:40', '2026-02-04 18:42:40'),
(596, 'PASCA', '25535', 15, '2026-02-04 18:42:40', '2026-02-04 18:42:40'),
(597, 'PUERTO SALGAR', '25572', 15, '2026-02-04 18:42:40', '2026-02-04 18:42:40'),
(598, 'PULÍ', '25580', 15, '2026-02-04 18:42:40', '2026-02-04 18:42:40'),
(599, 'QUEBRADANEGRA', '25592', 15, '2026-02-04 18:42:40', '2026-02-04 18:42:40'),
(600, 'QUETAME', '25594', 15, '2026-02-04 18:42:40', '2026-02-04 18:42:40'),
(601, 'QUIPILE', '25596', 15, '2026-02-04 18:42:40', '2026-02-04 18:42:40'),
(602, 'APULO', '25599', 15, '2026-02-04 18:42:40', '2026-02-04 18:42:40'),
(603, 'RICAURTE', '25612', 15, '2026-02-04 18:42:40', '2026-02-04 18:42:40'),
(604, 'SAN ANTONIO DEL TEQUENDAMA', '25645', 15, '2026-02-04 18:42:40', '2026-02-04 18:42:40'),
(605, 'SAN BERNARDO', '25649', 15, '2026-02-04 18:42:40', '2026-02-04 18:42:40'),
(606, 'SAN CAYETANO', '25653', 15, '2026-02-04 18:42:40', '2026-02-04 18:42:40'),
(607, 'SAN FRANCISCO', '25658', 15, '2026-02-04 18:42:40', '2026-02-04 18:42:40'),
(608, 'SAN JUAN DE RIOSECO', '25662', 15, '2026-02-04 18:42:40', '2026-02-04 18:42:40'),
(609, 'SASAIMA', '25718', 15, '2026-02-04 18:42:40', '2026-02-04 18:42:40'),
(610, 'SESQUILÉ', '25736', 15, '2026-02-04 18:42:40', '2026-02-04 18:42:40'),
(611, 'SIBATÉ', '25740', 15, '2026-02-04 18:42:40', '2026-02-04 18:42:40'),
(612, 'SILVANIA', '25743', 15, '2026-02-04 18:42:40', '2026-02-04 18:42:40'),
(613, 'SIMIJACA', '25745', 15, '2026-02-04 18:42:40', '2026-02-04 18:42:40'),
(614, 'SOACHA', '25754', 15, '2026-02-04 18:42:40', '2026-02-04 18:42:40'),
(615, 'SOPÓ', '25758', 15, '2026-02-04 18:42:40', '2026-02-04 18:42:40'),
(616, 'SUBACHOQUE', '25769', 15, '2026-02-04 18:42:40', '2026-02-04 18:42:40'),
(617, 'SUESCA', '25772', 15, '2026-02-04 18:42:40', '2026-02-04 18:42:40'),
(618, 'SUPATÁ', '25777', 15, '2026-02-04 18:42:40', '2026-02-04 18:42:40'),
(619, 'SUSA', '25779', 15, '2026-02-04 18:42:40', '2026-02-04 18:42:40'),
(620, 'SUTATAUSA', '25781', 15, '2026-02-04 18:42:40', '2026-02-04 18:42:40'),
(621, 'TABIO', '25785', 15, '2026-02-04 18:42:40', '2026-02-04 18:42:40'),
(622, 'TAUSA', '25793', 15, '2026-02-04 18:42:40', '2026-02-04 18:42:40'),
(623, 'TENA', '25797', 15, '2026-02-04 18:42:40', '2026-02-04 18:42:40'),
(624, 'TENJO', '25799', 15, '2026-02-04 18:42:40', '2026-02-04 18:42:40'),
(625, 'TIBACUY', '25805', 15, '2026-02-04 18:42:40', '2026-02-04 18:42:40'),
(626, 'TIBIRITA', '25807', 15, '2026-02-04 18:42:40', '2026-02-04 18:42:40'),
(627, 'TOCAIMA', '25815', 15, '2026-02-04 18:42:40', '2026-02-04 18:42:40'),
(628, 'TOCANCIPÁ', '25817', 15, '2026-02-04 18:42:40', '2026-02-04 18:42:40'),
(629, 'TOPAIPÍ', '25823', 15, '2026-02-04 18:42:40', '2026-02-04 18:42:40'),
(630, 'UBALÁ', '25839', 15, '2026-02-04 18:42:40', '2026-02-04 18:42:40'),
(631, 'UBAQUE', '25841', 15, '2026-02-04 18:42:40', '2026-02-04 18:42:40'),
(632, 'VILLA DE SAN DIEGO DE UBATÉ', '25843', 15, '2026-02-04 18:42:40', '2026-02-04 18:42:40'),
(633, 'UNE', '25845', 15, '2026-02-04 18:42:40', '2026-02-04 18:42:40'),
(634, 'ÚTICA', '25851', 15, '2026-02-04 18:42:40', '2026-02-04 18:42:40'),
(635, 'VERGARA', '25862', 15, '2026-02-04 18:42:40', '2026-02-04 18:42:40'),
(636, 'VIANÍ', '25867', 15, '2026-02-04 18:42:40', '2026-02-04 18:42:40'),
(637, 'VILLAGÓMEZ', '25871', 15, '2026-02-04 18:42:40', '2026-02-04 18:42:40'),
(638, 'VILLAPINZÓN', '25873', 15, '2026-02-04 18:42:40', '2026-02-04 18:42:40'),
(639, 'VILLETA', '25875', 15, '2026-02-04 18:42:40', '2026-02-04 18:42:40'),
(640, 'VIOTÁ', '25878', 15, '2026-02-04 18:42:40', '2026-02-04 18:42:40'),
(641, 'YACOPÍ', '25885', 15, '2026-02-04 18:42:40', '2026-02-04 18:42:40'),
(642, 'ZIPACÓN', '25898', 15, '2026-02-04 18:42:40', '2026-02-04 18:42:40'),
(643, 'ZIPAQUIRÁ', '25899', 15, '2026-02-04 18:42:40', '2026-02-04 18:42:40'),
(644, 'INÍRIDA', '94001', 16, '2026-02-04 18:42:40', '2026-02-04 18:42:40'),
(645, 'BARRANCOMINAS', '94343', 16, '2026-02-04 18:42:40', '2026-02-04 18:42:40'),
(646, 'MAPIRIPANA', '94663', 16, '2026-02-04 18:42:40', '2026-02-04 18:42:40'),
(647, 'SAN FELIPE', '94883', 16, '2026-02-04 18:42:40', '2026-02-04 18:42:40'),
(648, 'PUERTO COLOMBIA', '94884', 16, '2026-02-04 18:42:40', '2026-02-04 18:42:40'),
(649, 'LA GUADALUPE', '94885', 16, '2026-02-04 18:42:40', '2026-02-04 18:42:40'),
(650, 'CACAHUAL', '94886', 16, '2026-02-04 18:42:41', '2026-02-04 18:42:41'),
(651, 'PANA PANA', '94887', 16, '2026-02-04 18:42:41', '2026-02-04 18:42:41'),
(652, 'MORICHAL NUEVO', '94888', 16, '2026-02-04 18:42:41', '2026-02-04 18:42:41');
INSERT INTO `ciudad` (`id_ciudad`, `nombre`, `codigo`, `id_departamento`, `created_at`, `updated_at`) VALUES
(653, 'SAN JOSÉ DEL GUAVIARE', '95001', 17, '2026-02-04 18:42:41', '2026-02-04 18:42:41'),
(654, 'CALAMAR', '95015', 17, '2026-02-04 18:42:41', '2026-02-04 18:42:41'),
(655, 'EL RETORNO', '95025', 17, '2026-02-04 18:42:41', '2026-02-04 18:42:41'),
(656, 'MIRAFLORES', '95200', 17, '2026-02-04 18:42:41', '2026-02-04 18:42:41'),
(657, 'NEIVA', '41001', 18, '2026-02-04 18:42:41', '2026-02-04 18:42:41'),
(658, 'ACEVEDO', '41006', 18, '2026-02-04 18:42:41', '2026-02-04 18:42:41'),
(659, 'AGRADO', '41013', 18, '2026-02-04 18:42:41', '2026-02-04 18:42:41'),
(660, 'AIPE', '41016', 18, '2026-02-04 18:42:41', '2026-02-04 18:42:41'),
(661, 'ALGECIRAS', '41020', 18, '2026-02-04 18:42:41', '2026-02-04 18:42:41'),
(662, 'ALTAMIRA', '41026', 18, '2026-02-04 18:42:41', '2026-02-04 18:42:41'),
(663, 'BARAYA', '41078', 18, '2026-02-04 18:42:41', '2026-02-04 18:42:41'),
(664, 'CAMPOALEGRE', '41132', 18, '2026-02-04 18:42:41', '2026-02-04 18:42:41'),
(665, 'COLOMBIA', '41206', 18, '2026-02-04 18:42:41', '2026-02-04 18:42:41'),
(666, 'ELÍAS', '41244', 18, '2026-02-04 18:42:41', '2026-02-04 18:42:41'),
(667, 'GARZÓN', '41298', 18, '2026-02-04 18:42:41', '2026-02-04 18:42:41'),
(668, 'GIGANTE', '41306', 18, '2026-02-04 18:42:41', '2026-02-04 18:42:41'),
(669, 'GUADALUPE', '41319', 18, '2026-02-04 18:42:41', '2026-02-04 18:42:41'),
(670, 'HOBO', '41349', 18, '2026-02-04 18:42:41', '2026-02-04 18:42:41'),
(671, 'ÍQUIRA', '41357', 18, '2026-02-04 18:42:41', '2026-02-04 18:42:41'),
(672, 'ISNOS', '41359', 18, '2026-02-04 18:42:41', '2026-02-04 18:42:41'),
(673, 'LA ARGENTINA (LA PLATA VIEJA)', '41378', 18, '2026-02-04 18:42:41', '2026-02-04 18:42:41'),
(674, 'LA PLATA', '41396', 18, '2026-02-04 18:42:41', '2026-02-04 18:42:41'),
(675, 'NÁTAGA', '41483', 18, '2026-02-04 18:42:41', '2026-02-04 18:42:41'),
(676, 'OPORAPA', '41503', 18, '2026-02-04 18:42:41', '2026-02-04 18:42:41'),
(677, 'PAICOL', '41518', 18, '2026-02-04 18:42:41', '2026-02-04 18:42:41'),
(678, 'PALERMO', '41524', 18, '2026-02-04 18:42:41', '2026-02-04 18:42:41'),
(679, 'PALESTINA', '41530', 18, '2026-02-04 18:42:41', '2026-02-04 18:42:41'),
(680, 'PITAL', '41548', 18, '2026-02-04 18:42:41', '2026-02-04 18:42:41'),
(681, 'PITALITO', '41551', 18, '2026-02-04 18:42:41', '2026-02-04 18:42:41'),
(682, 'RIVERA', '41615', 18, '2026-02-04 18:42:41', '2026-02-04 18:42:41'),
(683, 'SALADOBLANCO', '41660', 18, '2026-02-04 18:42:41', '2026-02-04 18:42:41'),
(684, 'SAN AGUSTÍN', '41668', 18, '2026-02-04 18:42:41', '2026-02-04 18:42:41'),
(685, 'SANTA MARÍA', '41676', 18, '2026-02-04 18:42:41', '2026-02-04 18:42:41'),
(686, 'SUAZA', '41770', 18, '2026-02-04 18:42:41', '2026-02-04 18:42:41'),
(687, 'TARQUI', '41791', 18, '2026-02-04 18:42:41', '2026-02-04 18:42:41'),
(688, 'TESALIA (CARNICERÍAS)', '41797', 18, '2026-02-04 18:42:41', '2026-02-04 18:42:41'),
(689, 'TELLO', '41799', 18, '2026-02-04 18:42:41', '2026-02-04 18:42:41'),
(690, 'TERUEL', '41801', 18, '2026-02-04 18:42:41', '2026-02-04 18:42:41'),
(691, 'TIMANÁ', '41807', 18, '2026-02-04 18:42:41', '2026-02-04 18:42:41'),
(692, 'VILLAVIEJA', '41872', 18, '2026-02-04 18:42:41', '2026-02-04 18:42:41'),
(693, 'YAGUARÁ', '41885', 18, '2026-02-04 18:42:41', '2026-02-04 18:42:41'),
(694, 'RIOHACHA', '44001', 19, '2026-02-04 18:42:41', '2026-02-04 18:42:41'),
(695, 'ALBANIA', '44035', 19, '2026-02-04 18:42:41', '2026-02-04 18:42:41'),
(696, 'BARRANCAS', '44078', 19, '2026-02-04 18:42:41', '2026-02-04 18:42:41'),
(697, 'DIBULLA', '44090', 19, '2026-02-04 18:42:41', '2026-02-04 18:42:41'),
(698, 'DISTRACCIÓN', '44098', 19, '2026-02-04 18:42:41', '2026-02-04 18:42:41'),
(699, 'EL MOLINO', '44110', 19, '2026-02-04 18:42:41', '2026-02-04 18:42:41'),
(700, 'FONSECA', '44279', 19, '2026-02-04 18:42:41', '2026-02-04 18:42:41'),
(701, 'HATONUEVO', '44378', 19, '2026-02-04 18:42:41', '2026-02-04 18:42:41'),
(702, 'LA JAGUA DEL PILAR', '44420', 19, '2026-02-04 18:42:41', '2026-02-04 18:42:41'),
(703, 'MAICAO', '44430', 19, '2026-02-04 18:42:41', '2026-02-04 18:42:41'),
(704, 'MANAURE', '44560', 19, '2026-02-04 18:42:41', '2026-02-04 18:42:41'),
(705, 'SAN JUAN DEL CESAR', '44650', 19, '2026-02-04 18:42:41', '2026-02-04 18:42:41'),
(706, 'URIBIA', '44847', 19, '2026-02-04 18:42:41', '2026-02-04 18:42:41'),
(707, 'URUMITA', '44855', 19, '2026-02-04 18:42:41', '2026-02-04 18:42:41'),
(708, 'VILLANUEVA', '44874', 19, '2026-02-04 18:42:41', '2026-02-04 18:42:41'),
(709, 'SANTA MARTA', '47001', 20, '2026-02-04 18:42:41', '2026-02-04 18:42:41'),
(710, 'ALGARROBO', '47030', 20, '2026-02-04 18:42:41', '2026-02-04 18:42:41'),
(711, 'ARACATACA', '47053', 20, '2026-02-04 18:42:41', '2026-02-04 18:42:41'),
(712, 'ARIGUANÍ', '47058', 20, '2026-02-04 18:42:41', '2026-02-04 18:42:41'),
(713, 'CERRO DE SAN ANTONIO', '47161', 20, '2026-02-04 18:42:41', '2026-02-04 18:42:41'),
(714, 'CHIBOLO', '47170', 20, '2026-02-04 18:42:41', '2026-02-04 18:42:41'),
(715, 'CIÉNAGA', '47189', 20, '2026-02-04 18:42:41', '2026-02-04 18:42:41'),
(716, 'CONCORDIA', '47205', 20, '2026-02-04 18:42:41', '2026-02-04 18:42:41'),
(717, 'EL BANCO', '47245', 20, '2026-02-04 18:42:41', '2026-02-04 18:42:41'),
(718, 'EL PIÑÓN', '47258', 20, '2026-02-04 18:42:41', '2026-02-04 18:42:41'),
(719, 'EL RETÉN', '47268', 20, '2026-02-04 18:42:41', '2026-02-04 18:42:41'),
(720, 'FUNDACIÓN', '47288', 20, '2026-02-04 18:42:41', '2026-02-04 18:42:41'),
(721, 'GUAMAL', '47318', 20, '2026-02-04 18:42:41', '2026-02-04 18:42:41'),
(722, 'NUEVA GRANADA', '47460', 20, '2026-02-04 18:42:41', '2026-02-04 18:42:41'),
(723, 'PEDRAZA', '47541', 20, '2026-02-04 18:42:41', '2026-02-04 18:42:41'),
(724, 'PIJIÑO DEL CARMEN', '47545', 20, '2026-02-04 18:42:41', '2026-02-04 18:42:41'),
(725, 'PIVIJAY', '47551', 20, '2026-02-04 18:42:41', '2026-02-04 18:42:41'),
(726, 'PLATO', '47555', 20, '2026-02-04 18:42:41', '2026-02-04 18:42:41'),
(727, 'PUEBLOVIEJO', '47570', 20, '2026-02-04 18:42:41', '2026-02-04 18:42:41'),
(728, 'REMOLINO', '47605', 20, '2026-02-04 18:42:41', '2026-02-04 18:42:41'),
(729, 'SABANAS DE SAN ÁNGEL', '47660', 20, '2026-02-04 18:42:41', '2026-02-04 18:42:41'),
(730, 'SALAMINA', '47675', 20, '2026-02-04 18:42:41', '2026-02-04 18:42:41'),
(731, 'SAN SEBASTIÁN DE BUENAVISTA', '47692', 20, '2026-02-04 18:42:41', '2026-02-04 18:42:41'),
(732, 'SAN ZENÓN', '47703', 20, '2026-02-04 18:42:41', '2026-02-04 18:42:41'),
(733, 'SANTA ANA', '47707', 20, '2026-02-04 18:42:41', '2026-02-04 18:42:41'),
(734, 'SANTA BÁRBARA DE PINTO', '47720', 20, '2026-02-04 18:42:41', '2026-02-04 18:42:41'),
(735, 'SITIONUEVO', '47745', 20, '2026-02-04 18:42:41', '2026-02-04 18:42:41'),
(736, 'TENERIFE', '47798', 20, '2026-02-04 18:42:41', '2026-02-04 18:42:41'),
(737, 'ZAPAYÁN', '47960', 20, '2026-02-04 18:42:41', '2026-02-04 18:42:41'),
(738, 'ZONA BANANERA', '47980', 20, '2026-02-04 18:42:41', '2026-02-04 18:42:41'),
(739, 'VILLAVICENCIO', '50001', 21, '2026-02-04 18:42:41', '2026-02-04 18:42:41'),
(740, 'ACACÍAS', '50006', 21, '2026-02-04 18:42:41', '2026-02-04 18:42:41'),
(741, 'BARRANCA DE UPÍA', '50110', 21, '2026-02-04 18:42:41', '2026-02-04 18:42:41'),
(742, 'CABUYARO', '50124', 21, '2026-02-04 18:42:41', '2026-02-04 18:42:41'),
(743, 'CASTILLA LA NUEVA', '50150', 21, '2026-02-04 18:42:41', '2026-02-04 18:42:41'),
(744, 'CUBARRAL', '50223', 21, '2026-02-04 18:42:41', '2026-02-04 18:42:41'),
(745, 'CUMARAL', '50226', 21, '2026-02-04 18:42:41', '2026-02-04 18:42:41'),
(746, 'EL CALVARIO', '50245', 21, '2026-02-04 18:42:41', '2026-02-04 18:42:41'),
(747, 'EL CASTILLO', '50251', 21, '2026-02-04 18:42:41', '2026-02-04 18:42:41'),
(748, 'EL DORADO', '50270', 21, '2026-02-04 18:42:41', '2026-02-04 18:42:41'),
(749, 'FUENTEDEORO', '50287', 21, '2026-02-04 18:42:41', '2026-02-04 18:42:41'),
(750, 'GRANADA', '50313', 21, '2026-02-04 18:42:41', '2026-02-04 18:42:41'),
(751, 'GUAMAL', '50318', 21, '2026-02-04 18:42:41', '2026-02-04 18:42:41'),
(752, 'MAPIRIPÁN', '50325', 21, '2026-02-04 18:42:41', '2026-02-04 18:42:41'),
(753, 'MESETAS', '50330', 21, '2026-02-04 18:42:41', '2026-02-04 18:42:41'),
(754, 'LA MACARENA', '50350', 21, '2026-02-04 18:42:41', '2026-02-04 18:42:41'),
(755, 'URIBE', '50370', 21, '2026-02-04 18:42:41', '2026-02-04 18:42:41'),
(756, 'LEJANÍAS', '50400', 21, '2026-02-04 18:42:41', '2026-02-04 18:42:41'),
(757, 'PUERTO CONCORDIA', '50450', 21, '2026-02-04 18:42:41', '2026-02-04 18:42:41'),
(758, 'PUERTO GAITÁN', '50568', 21, '2026-02-04 18:42:41', '2026-02-04 18:42:41'),
(759, 'PUERTO LÓPEZ', '50573', 21, '2026-02-04 18:42:41', '2026-02-04 18:42:41'),
(760, 'PUERTO LLERAS', '50577', 21, '2026-02-04 18:42:41', '2026-02-04 18:42:41'),
(761, 'PUERTO RICO', '50590', 21, '2026-02-04 18:42:41', '2026-02-04 18:42:41'),
(762, 'RESTREPO', '50606', 21, '2026-02-04 18:42:41', '2026-02-04 18:42:41'),
(763, 'SAN CARLOS DE GUAROA', '50680', 21, '2026-02-04 18:42:41', '2026-02-04 18:42:41'),
(764, 'SAN JUAN DE ARAMA', '50683', 21, '2026-02-04 18:42:41', '2026-02-04 18:42:41'),
(765, 'SAN JUANITO', '50686', 21, '2026-02-04 18:42:41', '2026-02-04 18:42:41'),
(766, 'SAN MARTÍN DE LOS LLANOS', '50689', 21, '2026-02-04 18:42:41', '2026-02-04 18:42:41'),
(767, 'VISTAHERMOSA', '50711', 21, '2026-02-04 18:42:41', '2026-02-04 18:42:41'),
(768, 'PASTO', '52001', 22, '2026-02-04 18:42:41', '2026-02-04 18:42:41'),
(769, 'ALBÁN (SAN JOSÉ)', '52019', 22, '2026-02-04 18:42:41', '2026-02-04 18:42:41'),
(770, 'ALDANA', '52022', 22, '2026-02-04 18:42:41', '2026-02-04 18:42:41'),
(771, 'ANCUYÁ', '52036', 22, '2026-02-04 18:42:41', '2026-02-04 18:42:41'),
(772, 'ARBOLEDA', '52051', 22, '2026-02-04 18:42:41', '2026-02-04 18:42:41'),
(773, 'BARBACOAS', '52079', 22, '2026-02-04 18:42:41', '2026-02-04 18:42:41'),
(774, 'BELÉN', '52083', 22, '2026-02-04 18:42:41', '2026-02-04 18:42:41'),
(775, 'BUESACO', '52110', 22, '2026-02-04 18:42:41', '2026-02-04 18:42:41'),
(776, 'COLÓN (GÉNOVA)', '52203', 22, '2026-02-04 18:42:41', '2026-02-04 18:42:41'),
(777, 'CONSACÁ', '52207', 22, '2026-02-04 18:42:41', '2026-02-04 18:42:41'),
(778, 'CONTADERO', '52210', 22, '2026-02-04 18:42:41', '2026-02-04 18:42:41'),
(779, 'CÓRDOBA', '52215', 22, '2026-02-04 18:42:41', '2026-02-04 18:42:41'),
(780, 'CUASPÚD', '52224', 22, '2026-02-04 18:42:41', '2026-02-04 18:42:41'),
(781, 'CUMBAL', '52227', 22, '2026-02-04 18:42:41', '2026-02-04 18:42:41'),
(782, 'CUMBITARA', '52233', 22, '2026-02-04 18:42:41', '2026-02-04 18:42:41'),
(783, 'CHACHAGÜÍ', '52240', 22, '2026-02-04 18:42:41', '2026-02-04 18:42:41'),
(784, 'EL CHARCO', '52250', 22, '2026-02-04 18:42:41', '2026-02-04 18:42:41'),
(785, 'EL PEÑOL', '52254', 22, '2026-02-04 18:42:41', '2026-02-04 18:42:41'),
(786, 'EL ROSARIO', '52256', 22, '2026-02-04 18:42:41', '2026-02-04 18:42:41'),
(787, 'EL TABLÓN DE GÓMEZ', '52258', 22, '2026-02-04 18:42:41', '2026-02-04 18:42:41'),
(788, 'EL TAMBO', '52260', 22, '2026-02-04 18:42:41', '2026-02-04 18:42:41'),
(789, 'FUNES', '52287', 22, '2026-02-04 18:42:41', '2026-02-04 18:42:41'),
(790, 'GUACHUCAL', '52317', 22, '2026-02-04 18:42:41', '2026-02-04 18:42:41'),
(791, 'GUAITARILLA', '52320', 22, '2026-02-04 18:42:41', '2026-02-04 18:42:41'),
(792, 'GUALMATÁN', '52323', 22, '2026-02-04 18:42:41', '2026-02-04 18:42:41'),
(793, 'ILES', '52352', 22, '2026-02-04 18:42:41', '2026-02-04 18:42:41'),
(794, 'IMUÉS', '52354', 22, '2026-02-04 18:42:41', '2026-02-04 18:42:41'),
(795, 'IPIALES', '52356', 22, '2026-02-04 18:42:41', '2026-02-04 18:42:41'),
(796, 'LA CRUZ', '52378', 22, '2026-02-04 18:42:41', '2026-02-04 18:42:41'),
(797, 'LA FLORIDA', '52381', 22, '2026-02-04 18:42:41', '2026-02-04 18:42:41'),
(798, 'LA LLANADA', '52385', 22, '2026-02-04 18:42:41', '2026-02-04 18:42:41'),
(799, 'LA TOLA', '52390', 22, '2026-02-04 18:42:41', '2026-02-04 18:42:41'),
(800, 'LA UNIÓN', '52399', 22, '2026-02-04 18:42:41', '2026-02-04 18:42:41'),
(801, 'LEIVA', '52405', 22, '2026-02-04 18:42:41', '2026-02-04 18:42:41'),
(802, 'LINARES', '52411', 22, '2026-02-04 18:42:41', '2026-02-04 18:42:41'),
(803, 'LOS ANDES (SOTOMAYOR)', '52418', 22, '2026-02-04 18:42:41', '2026-02-04 18:42:41'),
(804, 'MAGÜÍ (PAYÁN)', '52427', 22, '2026-02-04 18:42:41', '2026-02-04 18:42:41'),
(805, 'MALLAMA (PIEDRANCHA)', '52435', 22, '2026-02-04 18:42:41', '2026-02-04 18:42:41'),
(806, 'MOSQUERA', '52473', 22, '2026-02-04 18:42:41', '2026-02-04 18:42:41'),
(807, 'NARIÑO', '52480', 22, '2026-02-04 18:42:41', '2026-02-04 18:42:41'),
(808, 'OLAYA HERRERA', '52490', 22, '2026-02-04 18:42:41', '2026-02-04 18:42:41'),
(809, 'OSPINA', '52506', 22, '2026-02-04 18:42:41', '2026-02-04 18:42:41'),
(810, 'FRANCISCO PIZARRO', '52520', 22, '2026-02-04 18:42:41', '2026-02-04 18:42:41'),
(811, 'POLICARPA', '52540', 22, '2026-02-04 18:42:41', '2026-02-04 18:42:41'),
(812, 'POTOSÍ', '52560', 22, '2026-02-04 18:42:41', '2026-02-04 18:42:41'),
(813, 'PROVIDENCIA', '52565', 22, '2026-02-04 18:42:41', '2026-02-04 18:42:41'),
(814, 'PUERRES', '52573', 22, '2026-02-04 18:42:41', '2026-02-04 18:42:41'),
(815, 'PUPIALES', '52585', 22, '2026-02-04 18:42:41', '2026-02-04 18:42:41'),
(816, 'RICAURTE', '52612', 22, '2026-02-04 18:42:41', '2026-02-04 18:42:41'),
(817, 'ROBERTO PAYÁN (SAN JOSÉ)', '52621', 22, '2026-02-04 18:42:41', '2026-02-04 18:42:41'),
(818, 'SAMANIEGO', '52678', 22, '2026-02-04 18:42:41', '2026-02-04 18:42:41'),
(819, 'SANDONÁ', '52683', 22, '2026-02-04 18:42:41', '2026-02-04 18:42:41'),
(820, 'SAN BERNARDO', '52685', 22, '2026-02-04 18:42:41', '2026-02-04 18:42:41'),
(821, 'SAN LORENZO', '52687', 22, '2026-02-04 18:42:41', '2026-02-04 18:42:41'),
(822, 'SAN PABLO', '52693', 22, '2026-02-04 18:42:41', '2026-02-04 18:42:41'),
(823, 'SAN PEDRO DE CARTAGO', '52694', 22, '2026-02-04 18:42:41', '2026-02-04 18:42:41'),
(824, 'SANTA BÁRBARA', '52696', 22, '2026-02-04 18:42:41', '2026-02-04 18:42:41'),
(825, 'SANTACRUZ', '52699', 22, '2026-02-04 18:42:41', '2026-02-04 18:42:41'),
(826, 'SAPUYES', '52720', 22, '2026-02-04 18:42:41', '2026-02-04 18:42:41'),
(827, 'TAMINANGO', '52786', 22, '2026-02-04 18:42:41', '2026-02-04 18:42:41'),
(828, 'TANGUA', '52788', 22, '2026-02-04 18:42:41', '2026-02-04 18:42:41'),
(829, 'SAN ANDRÉS DE TUMACO', '52835', 22, '2026-02-04 18:42:41', '2026-02-04 18:42:41'),
(830, 'TÚQUERRES', '52838', 22, '2026-02-04 18:42:41', '2026-02-04 18:42:41'),
(831, 'YACUANQUER', '52885', 22, '2026-02-04 18:42:41', '2026-02-04 18:42:41'),
(832, 'CÚCUTA', '54001', 23, '2026-02-04 18:42:41', '2026-02-04 18:42:41'),
(833, 'ÁBREGO', '54003', 23, '2026-02-04 18:42:41', '2026-02-04 18:42:41'),
(834, 'ARBOLEDAS', '54051', 23, '2026-02-04 18:42:41', '2026-02-04 18:42:41'),
(835, 'BOCHALEMA', '54099', 23, '2026-02-04 18:42:41', '2026-02-04 18:42:41'),
(836, 'BUCARASICA', '54109', 23, '2026-02-04 18:42:41', '2026-02-04 18:42:41'),
(837, 'CÁCOTA DE VELASCO', '54125', 23, '2026-02-04 18:42:41', '2026-02-04 18:42:41'),
(838, 'CÁCHIRA', '54128', 23, '2026-02-04 18:42:41', '2026-02-04 18:42:41'),
(839, 'CHINÁCOTA', '54172', 23, '2026-02-04 18:42:41', '2026-02-04 18:42:41'),
(840, 'CHITAGÁ', '54174', 23, '2026-02-04 18:42:41', '2026-02-04 18:42:41'),
(841, 'CONVENCIÓN', '54206', 23, '2026-02-04 18:42:41', '2026-02-04 18:42:41'),
(842, 'CUCUTILLA', '54223', 23, '2026-02-04 18:42:41', '2026-02-04 18:42:41'),
(843, 'DURANIA', '54239', 23, '2026-02-04 18:42:41', '2026-02-04 18:42:41'),
(844, 'EL CARMEN', '54245', 23, '2026-02-04 18:42:41', '2026-02-04 18:42:41'),
(845, 'EL TARRA', '54250', 23, '2026-02-04 18:42:41', '2026-02-04 18:42:41'),
(846, 'EL ZULIA', '54261', 23, '2026-02-04 18:42:41', '2026-02-04 18:42:41'),
(847, 'GRAMALOTE', '54313', 23, '2026-02-04 18:42:41', '2026-02-04 18:42:41'),
(848, 'HACARÍ', '54344', 23, '2026-02-04 18:42:41', '2026-02-04 18:42:41'),
(849, 'HERRÁN', '54347', 23, '2026-02-04 18:42:41', '2026-02-04 18:42:41'),
(850, 'LABATECA', '54377', 23, '2026-02-04 18:42:41', '2026-02-04 18:42:41'),
(851, 'LA ESPERANZA', '54385', 23, '2026-02-04 18:42:41', '2026-02-04 18:42:41'),
(852, 'LA PLAYA DE BELÉN', '54398', 23, '2026-02-04 18:42:41', '2026-02-04 18:42:41'),
(853, 'LOS PATIOS', '54405', 23, '2026-02-04 18:42:41', '2026-02-04 18:42:41'),
(854, 'LOURDES', '54418', 23, '2026-02-04 18:42:41', '2026-02-04 18:42:41'),
(855, 'MUTISCUA', '54480', 23, '2026-02-04 18:42:41', '2026-02-04 18:42:41'),
(856, 'OCAÑA', '54498', 23, '2026-02-04 18:42:41', '2026-02-04 18:42:41'),
(857, 'PAMPLONA', '54518', 23, '2026-02-04 18:42:41', '2026-02-04 18:42:41'),
(858, 'PAMPLONITA', '54520', 23, '2026-02-04 18:42:41', '2026-02-04 18:42:41'),
(859, 'PUERTO SANTANDER', '54553', 23, '2026-02-04 18:42:41', '2026-02-04 18:42:41'),
(860, 'RAGONVALIA', '54599', 23, '2026-02-04 18:42:41', '2026-02-04 18:42:41'),
(861, 'SALAZAR DE LAS PALMAS', '54660', 23, '2026-02-04 18:42:41', '2026-02-04 18:42:41'),
(862, 'SAN CALIXTO', '54670', 23, '2026-02-04 18:42:41', '2026-02-04 18:42:41'),
(863, 'SAN CAYETANO', '54673', 23, '2026-02-04 18:42:41', '2026-02-04 18:42:41'),
(864, 'SANTIAGO', '54680', 23, '2026-02-04 18:42:41', '2026-02-04 18:42:41'),
(865, 'SARDINATA', '54720', 23, '2026-02-04 18:42:41', '2026-02-04 18:42:41'),
(866, 'SANTO DOMINGO DE SILOS', '54743', 23, '2026-02-04 18:42:41', '2026-02-04 18:42:41'),
(867, 'TEORAMA', '54800', 23, '2026-02-04 18:42:41', '2026-02-04 18:42:41'),
(868, 'TIBÚ', '54810', 23, '2026-02-04 18:42:41', '2026-02-04 18:42:41'),
(869, 'TOLEDO', '54820', 23, '2026-02-04 18:42:41', '2026-02-04 18:42:41'),
(870, 'VILLA CARO', '54871', 23, '2026-02-04 18:42:41', '2026-02-04 18:42:41'),
(871, 'VILLA DEL ROSARIO', '54874', 23, '2026-02-04 18:42:41', '2026-02-04 18:42:41'),
(872, 'MOCOA', '86001', 24, '2026-02-04 18:42:41', '2026-02-04 18:42:41'),
(873, 'COLÓN', '86219', 24, '2026-02-04 18:42:41', '2026-02-04 18:42:41'),
(874, 'ORITO', '86320', 24, '2026-02-04 18:42:41', '2026-02-04 18:42:41'),
(875, 'PUERTO ASÍS', '86568', 24, '2026-02-04 18:42:41', '2026-02-04 18:42:41'),
(876, 'PUERTO CAICEDO', '86569', 24, '2026-02-04 18:42:41', '2026-02-04 18:42:41'),
(877, 'PUERTO GUZMÁN', '86571', 24, '2026-02-04 18:42:41', '2026-02-04 18:42:41'),
(878, 'PUERTO LEGUÍZAMO', '86573', 24, '2026-02-04 18:42:41', '2026-02-04 18:42:41'),
(879, 'SIBUNDOY', '86749', 24, '2026-02-04 18:42:41', '2026-02-04 18:42:41'),
(880, 'SAN FRANCISCO', '86755', 24, '2026-02-04 18:42:41', '2026-02-04 18:42:41'),
(881, 'SAN MIGUEL', '86757', 24, '2026-02-04 18:42:41', '2026-02-04 18:42:41'),
(882, 'SANTIAGO', '86760', 24, '2026-02-04 18:42:41', '2026-02-04 18:42:41'),
(883, 'VALLE DEL GUAMUEZ', '86865', 24, '2026-02-04 18:42:41', '2026-02-04 18:42:41'),
(884, 'VILLAGARZÓN', '86885', 24, '2026-02-04 18:42:41', '2026-02-04 18:42:41'),
(885, 'ARMENIA', '63001', 25, '2026-02-04 18:42:41', '2026-02-04 18:42:41'),
(886, 'BUENAVISTA', '63111', 25, '2026-02-04 18:42:41', '2026-02-04 18:42:41'),
(887, 'CALARCÁ', '63130', 25, '2026-02-04 18:42:41', '2026-02-04 18:42:41'),
(888, 'CIRCASIA', '63190', 25, '2026-02-04 18:42:41', '2026-02-04 18:42:41'),
(889, 'CÓRDOBA', '63212', 25, '2026-02-04 18:42:41', '2026-02-04 18:42:41'),
(890, 'FILANDIA', '63272', 25, '2026-02-04 18:42:41', '2026-02-04 18:42:41'),
(891, 'GÉNOVA', '63302', 25, '2026-02-04 18:42:41', '2026-02-04 18:42:41'),
(892, 'LA TEBAIDA', '63401', 25, '2026-02-04 18:42:41', '2026-02-04 18:42:41'),
(893, 'MONTENEGRO', '63470', 25, '2026-02-04 18:42:41', '2026-02-04 18:42:41'),
(894, 'PIJAO', '63548', 25, '2026-02-04 18:42:41', '2026-02-04 18:42:41'),
(895, 'QUIMBAYA', '63594', 25, '2026-02-04 18:42:41', '2026-02-04 18:42:41'),
(896, 'SALENTO', '63690', 25, '2026-02-04 18:42:41', '2026-02-04 18:42:41'),
(897, 'PEREIRA', '66001', 26, '2026-02-04 18:42:41', '2026-02-04 18:42:41'),
(898, 'APÍA', '66045', 26, '2026-02-04 18:42:41', '2026-02-04 18:42:41'),
(899, 'BALBOA', '66075', 26, '2026-02-04 18:42:41', '2026-02-04 18:42:41'),
(900, 'BELÉN DE UMBRÍA', '66088', 26, '2026-02-04 18:42:41', '2026-02-04 18:42:41'),
(901, 'DOSQUEBRADAS', '66170', 26, '2026-02-04 18:42:41', '2026-02-04 18:42:41'),
(902, 'GUÁTICA', '66318', 26, '2026-02-04 18:42:41', '2026-02-04 18:42:41'),
(903, 'LA CELIA', '66383', 26, '2026-02-04 18:42:41', '2026-02-04 18:42:41'),
(904, 'LA VIRGINIA', '66400', 26, '2026-02-04 18:42:41', '2026-02-04 18:42:41'),
(905, 'MARSELLA', '66440', 26, '2026-02-04 18:42:41', '2026-02-04 18:42:41'),
(906, 'MISTRATÓ', '66456', 26, '2026-02-04 18:42:41', '2026-02-04 18:42:41'),
(907, 'PUEBLO RICO', '66572', 26, '2026-02-04 18:42:41', '2026-02-04 18:42:41'),
(908, 'QUINCHÍA', '66594', 26, '2026-02-04 18:42:41', '2026-02-04 18:42:41'),
(909, 'SANTA ROSA DE CABAL', '66682', 26, '2026-02-04 18:42:41', '2026-02-04 18:42:41'),
(910, 'SANTUARIO', '66687', 26, '2026-02-04 18:42:41', '2026-02-04 18:42:41'),
(911, 'BUCARAMANGA', '68001', 28, '2026-02-04 18:42:41', '2026-02-04 18:42:41'),
(912, 'AGUADA', '68013', 28, '2026-02-04 18:42:41', '2026-02-04 18:42:41'),
(913, 'ALBANIA', '68020', 28, '2026-02-04 18:42:41', '2026-02-04 18:42:41'),
(914, 'ARATOCA', '68051', 28, '2026-02-04 18:42:41', '2026-02-04 18:42:41'),
(915, 'BARBOSA', '68077', 28, '2026-02-04 18:42:41', '2026-02-04 18:42:41'),
(916, 'BARICHARA', '68079', 28, '2026-02-04 18:42:41', '2026-02-04 18:42:41'),
(917, 'BARRANCABERMEJA', '68081', 28, '2026-02-04 18:42:41', '2026-02-04 18:42:41'),
(918, 'BETULIA', '68092', 28, '2026-02-04 18:42:41', '2026-02-04 18:42:41'),
(919, 'BOLÍVAR', '68101', 28, '2026-02-04 18:42:41', '2026-02-04 18:42:41'),
(920, 'CABRERA', '68121', 28, '2026-02-04 18:42:41', '2026-02-04 18:42:41'),
(921, 'CALIFORNIA', '68132', 28, '2026-02-04 18:42:41', '2026-02-04 18:42:41'),
(922, 'CAPITANEJO', '68147', 28, '2026-02-04 18:42:41', '2026-02-04 18:42:41'),
(923, 'CARCASÍ', '68152', 28, '2026-02-04 18:42:41', '2026-02-04 18:42:41'),
(924, 'CEPITÁ', '68160', 28, '2026-02-04 18:42:41', '2026-02-04 18:42:41'),
(925, 'CERRITO', '68162', 28, '2026-02-04 18:42:41', '2026-02-04 18:42:41'),
(926, 'CHARALÁ', '68167', 28, '2026-02-04 18:42:41', '2026-02-04 18:42:41'),
(927, 'CHARTA', '68169', 28, '2026-02-04 18:42:41', '2026-02-04 18:42:41'),
(928, 'CHIMA', '68176', 28, '2026-02-04 18:42:41', '2026-02-04 18:42:41'),
(929, 'CHIPATÁ', '68179', 28, '2026-02-04 18:42:41', '2026-02-04 18:42:41'),
(930, 'CIMITARRA', '68190', 28, '2026-02-04 18:42:41', '2026-02-04 18:42:41'),
(931, 'CONCEPCIÓN', '68207', 28, '2026-02-04 18:42:41', '2026-02-04 18:42:41'),
(932, 'CONFINES', '68209', 28, '2026-02-04 18:42:41', '2026-02-04 18:42:41'),
(933, 'CONTRATACIÓN', '68211', 28, '2026-02-04 18:42:41', '2026-02-04 18:42:41'),
(934, 'COROMORO', '68217', 28, '2026-02-04 18:42:41', '2026-02-04 18:42:41'),
(935, 'CURITÍ', '68229', 28, '2026-02-04 18:42:41', '2026-02-04 18:42:41'),
(936, 'EL CARMEN DE CHUCURÍ', '68235', 28, '2026-02-04 18:42:41', '2026-02-04 18:42:41'),
(937, 'EL GUACAMAYO', '68245', 28, '2026-02-04 18:42:41', '2026-02-04 18:42:41'),
(938, 'EL PEÑÓN', '68250', 28, '2026-02-04 18:42:41', '2026-02-04 18:42:41'),
(939, 'EL PLAYÓN', '68255', 28, '2026-02-04 18:42:41', '2026-02-04 18:42:41'),
(940, 'ENCINO', '68264', 28, '2026-02-04 18:42:41', '2026-02-04 18:42:41'),
(941, 'ENCISO', '68266', 28, '2026-02-04 18:42:41', '2026-02-04 18:42:41'),
(942, 'FLORIÁN', '68271', 28, '2026-02-04 18:42:41', '2026-02-04 18:42:41'),
(943, 'FLORIDABLANCA', '68276', 28, '2026-02-04 18:42:41', '2026-02-04 18:42:41'),
(944, 'GALÁN', '68296', 28, '2026-02-04 18:42:41', '2026-02-04 18:42:41'),
(945, 'GÁMBITA', '68298', 28, '2026-02-04 18:42:41', '2026-02-04 18:42:41'),
(946, 'GIRÓN', '68307', 28, '2026-02-04 18:42:41', '2026-02-04 18:42:41'),
(947, 'GUACA', '68318', 28, '2026-02-04 18:42:41', '2026-02-04 18:42:41'),
(948, 'GUADALUPE', '68320', 28, '2026-02-04 18:42:41', '2026-02-04 18:42:41'),
(949, 'GUAPOTÁ', '68322', 28, '2026-02-04 18:42:41', '2026-02-04 18:42:41'),
(950, 'GUAVATÁ', '68324', 28, '2026-02-04 18:42:41', '2026-02-04 18:42:41'),
(951, 'GÜEPSA', '68327', 28, '2026-02-04 18:42:41', '2026-02-04 18:42:41'),
(952, 'HATO', '68344', 28, '2026-02-04 18:42:41', '2026-02-04 18:42:41'),
(953, 'JESÚS MARÍA', '68368', 28, '2026-02-04 18:42:41', '2026-02-04 18:42:41'),
(954, 'JORDÁN', '68370', 28, '2026-02-04 18:42:41', '2026-02-04 18:42:41'),
(955, 'LA BELLEZA', '68377', 28, '2026-02-04 18:42:41', '2026-02-04 18:42:41'),
(956, 'LANDÁZURI', '68385', 28, '2026-02-04 18:42:41', '2026-02-04 18:42:41'),
(957, 'LA PAZ', '68397', 28, '2026-02-04 18:42:41', '2026-02-04 18:42:41'),
(958, 'LEBRIJA', '68406', 28, '2026-02-04 18:42:41', '2026-02-04 18:42:41'),
(959, 'LOS SANTOS', '68418', 28, '2026-02-04 18:42:41', '2026-02-04 18:42:41'),
(960, 'MACARAVITA', '68425', 28, '2026-02-04 18:42:41', '2026-02-04 18:42:41'),
(961, 'MÁLAGA', '68432', 28, '2026-02-04 18:42:41', '2026-02-04 18:42:41'),
(962, 'MATANZA', '68444', 28, '2026-02-04 18:42:41', '2026-02-04 18:42:41'),
(963, 'MOGOTES', '68464', 28, '2026-02-04 18:42:41', '2026-02-04 18:42:41'),
(964, 'MOLAGAVITA', '68468', 28, '2026-02-04 18:42:41', '2026-02-04 18:42:41'),
(965, 'OCAMONTE', '68498', 28, '2026-02-04 18:42:41', '2026-02-04 18:42:41'),
(966, 'OIBA', '68500', 28, '2026-02-04 18:42:41', '2026-02-04 18:42:41'),
(967, 'ONZAGA', '68502', 28, '2026-02-04 18:42:41', '2026-02-04 18:42:41'),
(968, 'PALMAR', '68522', 28, '2026-02-04 18:42:41', '2026-02-04 18:42:41'),
(969, 'PALMAS DEL SOCORRO', '68524', 28, '2026-02-04 18:42:41', '2026-02-04 18:42:41'),
(970, 'PÁRAMO', '68533', 28, '2026-02-04 18:42:41', '2026-02-04 18:42:41'),
(971, 'PIEDECUESTA', '68547', 28, '2026-02-04 18:42:41', '2026-02-04 18:42:41'),
(972, 'PINCHOTE', '68549', 28, '2026-02-04 18:42:41', '2026-02-04 18:42:41'),
(973, 'PUENTE NACIONAL', '68572', 28, '2026-02-04 18:42:41', '2026-02-04 18:42:41'),
(974, 'PUERTO PARRA', '68573', 28, '2026-02-04 18:42:41', '2026-02-04 18:42:41'),
(975, 'PUERTO WILCHES', '68575', 28, '2026-02-04 18:42:41', '2026-02-04 18:42:41'),
(976, 'RIONEGRO', '68615', 28, '2026-02-04 18:42:41', '2026-02-04 18:42:41'),
(977, 'SABANA DE TORRES', '68655', 28, '2026-02-04 18:42:41', '2026-02-04 18:42:41'),
(978, 'SAN ANDRÉS', '68669', 28, '2026-02-04 18:42:41', '2026-02-04 18:42:41'),
(979, 'SAN BENITO', '68673', 28, '2026-02-04 18:42:41', '2026-02-04 18:42:41'),
(980, 'SAN GIL', '68679', 28, '2026-02-04 18:42:41', '2026-02-04 18:42:41'),
(981, 'SAN JOAQUÍN', '68682', 28, '2026-02-04 18:42:41', '2026-02-04 18:42:41'),
(982, 'SAN JOSÉ DE MIRANDA', '68684', 28, '2026-02-04 18:42:41', '2026-02-04 18:42:41'),
(983, 'SAN MIGUEL', '68686', 28, '2026-02-04 18:42:41', '2026-02-04 18:42:41'),
(984, 'SAN VICENTE DE CHUCURÍ', '68689', 28, '2026-02-04 18:42:41', '2026-02-04 18:42:41'),
(985, 'SANTA BÁRBARA', '68705', 28, '2026-02-04 18:42:41', '2026-02-04 18:42:41'),
(986, 'SANTA HELENA DEL OPÓN', '68720', 28, '2026-02-04 18:42:41', '2026-02-04 18:42:41'),
(987, 'SIMACOTA', '68745', 28, '2026-02-04 18:42:41', '2026-02-04 18:42:41'),
(988, 'SOCORRO', '68755', 28, '2026-02-04 18:42:41', '2026-02-04 18:42:41'),
(989, 'SUAITA', '68770', 28, '2026-02-04 18:42:41', '2026-02-04 18:42:41'),
(990, 'SUCRE', '68773', 28, '2026-02-04 18:42:41', '2026-02-04 18:42:41'),
(991, 'SURATÁ', '68780', 28, '2026-02-04 18:42:41', '2026-02-04 18:42:41'),
(992, 'TONA', '68820', 28, '2026-02-04 18:42:41', '2026-02-04 18:42:41'),
(993, 'VALLE DE SAN JOSÉ', '68855', 28, '2026-02-04 18:42:41', '2026-02-04 18:42:41'),
(994, 'VÉLEZ', '68861', 28, '2026-02-04 18:42:41', '2026-02-04 18:42:41'),
(995, 'VETAS', '68867', 28, '2026-02-04 18:42:41', '2026-02-04 18:42:41'),
(996, 'VILLANUEVA', '68872', 28, '2026-02-04 18:42:41', '2026-02-04 18:42:41'),
(997, 'ZAPATOCA', '68895', 28, '2026-02-04 18:42:41', '2026-02-04 18:42:41'),
(998, 'SINCELEJO', '70001', 29, '2026-02-04 18:42:41', '2026-02-04 18:42:41'),
(999, 'BUENAVISTA', '70110', 29, '2026-02-04 18:42:41', '2026-02-04 18:42:41'),
(1000, 'CAIMITO', '70124', 29, '2026-02-04 18:42:41', '2026-02-04 18:42:41'),
(1001, 'COLOSÓ', '70204', 29, '2026-02-04 18:42:41', '2026-02-04 18:42:41'),
(1002, 'COROZAL', '70215', 29, '2026-02-04 18:42:41', '2026-02-04 18:42:41'),
(1003, 'COVEÑAS', '70221', 29, '2026-02-04 18:42:41', '2026-02-04 18:42:41'),
(1004, 'CHALÁN', '70230', 29, '2026-02-04 18:42:41', '2026-02-04 18:42:41'),
(1005, 'EL ROBLE', '70233', 29, '2026-02-04 18:42:41', '2026-02-04 18:42:41'),
(1006, 'GALERAS', '70235', 29, '2026-02-04 18:42:41', '2026-02-04 18:42:41'),
(1007, 'GUARANDA', '70265', 29, '2026-02-04 18:42:41', '2026-02-04 18:42:41'),
(1008, 'LA UNIÓN', '70400', 29, '2026-02-04 18:42:41', '2026-02-04 18:42:41'),
(1009, 'LOS PALMITOS', '70418', 29, '2026-02-04 18:42:41', '2026-02-04 18:42:41'),
(1010, 'MAJAGUAL', '70429', 29, '2026-02-04 18:42:41', '2026-02-04 18:42:41'),
(1011, 'MORROA', '70473', 29, '2026-02-04 18:42:41', '2026-02-04 18:42:41'),
(1012, 'OVEJAS', '70508', 29, '2026-02-04 18:42:41', '2026-02-04 18:42:41'),
(1013, 'PALMITO', '70523', 29, '2026-02-04 18:42:41', '2026-02-04 18:42:41'),
(1014, 'SAMPUÉS', '70670', 29, '2026-02-04 18:42:41', '2026-02-04 18:42:41'),
(1015, 'SAN BENITO ABAD', '70678', 29, '2026-02-04 18:42:41', '2026-02-04 18:42:41'),
(1016, 'SAN JUAN DE BETULIA', '70702', 29, '2026-02-04 18:42:41', '2026-02-04 18:42:41'),
(1017, 'SAN MARCOS', '70708', 29, '2026-02-04 18:42:41', '2026-02-04 18:42:41'),
(1018, 'SAN ONOFRE', '70713', 29, '2026-02-04 18:42:41', '2026-02-04 18:42:41'),
(1019, 'SAN PEDRO', '70717', 29, '2026-02-04 18:42:41', '2026-02-04 18:42:41'),
(1020, 'SAN LUIS DE SINCÉ', '70742', 29, '2026-02-04 18:42:41', '2026-02-04 18:42:41'),
(1021, 'SUCRE', '70771', 29, '2026-02-04 18:42:41', '2026-02-04 18:42:41'),
(1022, 'SANTIAGO DE TOLÚ', '70820', 29, '2026-02-04 18:42:41', '2026-02-04 18:42:41'),
(1023, 'TOLÚ VIEJO', '70823', 29, '2026-02-04 18:42:41', '2026-02-04 18:42:41'),
(1024, 'IBAGUÉ', '73001', 30, '2026-02-04 18:42:41', '2026-02-04 18:42:41'),
(1025, 'ALPUJARRA', '73024', 30, '2026-02-04 18:42:41', '2026-02-04 18:42:41'),
(1026, 'ALVARADO', '73026', 30, '2026-02-04 18:42:41', '2026-02-04 18:42:41'),
(1027, 'AMBALEMA', '73030', 30, '2026-02-04 18:42:41', '2026-02-04 18:42:41'),
(1028, 'ANZOÁTEGUI', '73043', 30, '2026-02-04 18:42:41', '2026-02-04 18:42:41'),
(1029, 'ARMERO (GUAYABAL)', '73055', 30, '2026-02-04 18:42:41', '2026-02-04 18:42:41'),
(1030, 'ATACO', '73067', 30, '2026-02-04 18:42:41', '2026-02-04 18:42:41'),
(1031, 'CAJAMARCA', '73124', 30, '2026-02-04 18:42:41', '2026-02-04 18:42:41'),
(1032, 'CARMEN DE APICALÁ', '73148', 30, '2026-02-04 18:42:41', '2026-02-04 18:42:41'),
(1033, 'CASABIANCA', '73152', 30, '2026-02-04 18:42:41', '2026-02-04 18:42:41'),
(1034, 'CHAPARRAL', '73168', 30, '2026-02-04 18:42:41', '2026-02-04 18:42:41'),
(1035, 'COELLO', '73200', 30, '2026-02-04 18:42:41', '2026-02-04 18:42:41'),
(1036, 'COYAIMA', '73217', 30, '2026-02-04 18:42:41', '2026-02-04 18:42:41'),
(1037, 'CUNDAY', '73226', 30, '2026-02-04 18:42:41', '2026-02-04 18:42:41'),
(1038, 'DOLORES', '73236', 30, '2026-02-04 18:42:41', '2026-02-04 18:42:41'),
(1039, 'ESPINAL', '73268', 30, '2026-02-04 18:42:41', '2026-02-04 18:42:41'),
(1040, 'FALAN', '73270', 30, '2026-02-04 18:42:41', '2026-02-04 18:42:41'),
(1041, 'FLANDES', '73275', 30, '2026-02-04 18:42:41', '2026-02-04 18:42:41'),
(1042, 'FRESNO', '73283', 30, '2026-02-04 18:42:41', '2026-02-04 18:42:41'),
(1043, 'GUAMO', '73319', 30, '2026-02-04 18:42:41', '2026-02-04 18:42:41'),
(1044, 'HERVEO', '73347', 30, '2026-02-04 18:42:41', '2026-02-04 18:42:41'),
(1045, 'HONDA', '73349', 30, '2026-02-04 18:42:41', '2026-02-04 18:42:41'),
(1046, 'ICONONZO', '73352', 30, '2026-02-04 18:42:41', '2026-02-04 18:42:41'),
(1047, 'LÉRIDA', '73408', 30, '2026-02-04 18:42:41', '2026-02-04 18:42:41'),
(1048, 'LÍBANO', '73411', 30, '2026-02-04 18:42:41', '2026-02-04 18:42:41'),
(1049, 'SAN SEBASTIÁN DE MARIQUITA', '73443', 30, '2026-02-04 18:42:41', '2026-02-04 18:42:41'),
(1050, 'MELGAR', '73449', 30, '2026-02-04 18:42:41', '2026-02-04 18:42:41'),
(1051, 'MURILLO', '73461', 30, '2026-02-04 18:42:41', '2026-02-04 18:42:41'),
(1052, 'NATAGAIMA', '73483', 30, '2026-02-04 18:42:41', '2026-02-04 18:42:41'),
(1053, 'ORTEGA', '73504', 30, '2026-02-04 18:42:41', '2026-02-04 18:42:41'),
(1054, 'PALOCABILDO', '73520', 30, '2026-02-04 18:42:41', '2026-02-04 18:42:41'),
(1055, 'PIEDRAS', '73547', 30, '2026-02-04 18:42:41', '2026-02-04 18:42:41'),
(1056, 'PLANADAS', '73555', 30, '2026-02-04 18:42:41', '2026-02-04 18:42:41'),
(1057, 'PRADO', '73563', 30, '2026-02-04 18:42:41', '2026-02-04 18:42:41'),
(1058, 'PURIFICACIÓN', '73585', 30, '2026-02-04 18:42:41', '2026-02-04 18:42:41'),
(1059, 'RIOBLANCO', '73616', 30, '2026-02-04 18:42:41', '2026-02-04 18:42:41'),
(1060, 'RONCESVALLES', '73622', 30, '2026-02-04 18:42:41', '2026-02-04 18:42:41'),
(1061, 'ROVIRA', '73624', 30, '2026-02-04 18:42:41', '2026-02-04 18:42:41'),
(1062, 'SALDAÑA', '73671', 30, '2026-02-04 18:42:41', '2026-02-04 18:42:41'),
(1063, 'SAN ANTONIO', '73675', 30, '2026-02-04 18:42:41', '2026-02-04 18:42:41'),
(1064, 'SAN LUIS', '73678', 30, '2026-02-04 18:42:41', '2026-02-04 18:42:41'),
(1065, 'SANTA ISABEL', '73686', 30, '2026-02-04 18:42:41', '2026-02-04 18:42:41'),
(1066, 'SUÁREZ', '73770', 30, '2026-02-04 18:42:41', '2026-02-04 18:42:41'),
(1067, 'VALLE DE SAN JUAN', '73854', 30, '2026-02-04 18:42:41', '2026-02-04 18:42:41'),
(1068, 'VENADILLO', '73861', 30, '2026-02-04 18:42:41', '2026-02-04 18:42:41'),
(1069, 'VILLAHERMOSA', '73870', 30, '2026-02-04 18:42:41', '2026-02-04 18:42:41'),
(1070, 'VILLARRICA', '73873', 30, '2026-02-04 18:42:41', '2026-02-04 18:42:41'),
(1071, 'CALI', '76001', 31, '2026-02-04 18:42:41', '2026-02-04 18:42:41'),
(1072, 'ALCALÁ', '76020', 31, '2026-02-04 18:42:41', '2026-02-04 18:42:41'),
(1073, 'ANDALUCÍA', '76036', 31, '2026-02-04 18:42:41', '2026-02-04 18:42:41'),
(1074, 'ANSERMANUEVO', '76041', 31, '2026-02-04 18:42:41', '2026-02-04 18:42:41'),
(1075, 'ARGELIA', '76054', 31, '2026-02-04 18:42:41', '2026-02-04 18:42:41'),
(1076, 'BOLÍVAR', '76100', 31, '2026-02-04 18:42:41', '2026-02-04 18:42:41'),
(1077, 'BUENAVENTURA', '76109', 31, '2026-02-04 18:42:41', '2026-02-04 18:42:41'),
(1078, 'GUADALAJARA DE BUGA', '76111', 31, '2026-02-04 18:42:41', '2026-02-04 18:42:41'),
(1079, 'BUGALAGRANDE', '76113', 31, '2026-02-04 18:42:41', '2026-02-04 18:42:41'),
(1080, 'CAICEDONIA', '76122', 31, '2026-02-04 18:42:41', '2026-02-04 18:42:41'),
(1081, 'CALIMA (DARIEN)', '76126', 31, '2026-02-04 18:42:41', '2026-02-04 18:42:41'),
(1082, 'CANDELARIA', '76130', 31, '2026-02-04 18:42:41', '2026-02-04 18:42:41'),
(1083, 'CARTAGO', '76147', 31, '2026-02-04 18:42:41', '2026-02-04 18:42:41'),
(1084, 'DAGUA', '76233', 31, '2026-02-04 18:42:41', '2026-02-04 18:42:41'),
(1085, 'EL ÁGUILA', '76243', 31, '2026-02-04 18:42:41', '2026-02-04 18:42:41'),
(1086, 'EL CAIRO', '76246', 31, '2026-02-04 18:42:41', '2026-02-04 18:42:41'),
(1087, 'EL CERRITO', '76248', 31, '2026-02-04 18:42:41', '2026-02-04 18:42:41'),
(1088, 'EL DOVIO', '76250', 31, '2026-02-04 18:42:41', '2026-02-04 18:42:41'),
(1089, 'FLORIDA', '76275', 31, '2026-02-04 18:42:41', '2026-02-04 18:42:41'),
(1090, 'GINEBRA', '76306', 31, '2026-02-04 18:42:41', '2026-02-04 18:42:41'),
(1091, 'GUACARÍ', '76318', 31, '2026-02-04 18:42:41', '2026-02-04 18:42:41'),
(1092, 'JAMUNDÍ', '76364', 31, '2026-02-04 18:42:41', '2026-02-04 18:42:41'),
(1093, 'LA CUMBRE', '76377', 31, '2026-02-04 18:42:41', '2026-02-04 18:42:41'),
(1094, 'LA UNIÓN', '76400', 31, '2026-02-04 18:42:41', '2026-02-04 18:42:41'),
(1095, 'LA VICTORIA', '76403', 31, '2026-02-04 18:42:41', '2026-02-04 18:42:41'),
(1096, 'OBANDO', '76497', 31, '2026-02-04 18:42:41', '2026-02-04 18:42:41'),
(1097, 'PALMIRA', '76520', 31, '2026-02-04 18:42:41', '2026-02-04 18:42:41'),
(1098, 'PRADERA', '76563', 31, '2026-02-04 18:42:41', '2026-02-04 18:42:41'),
(1099, 'RESTREPO', '76606', 31, '2026-02-04 18:42:41', '2026-02-04 18:42:41'),
(1100, 'RIOFRÍO', '76616', 31, '2026-02-04 18:42:41', '2026-02-04 18:42:41'),
(1101, 'ROLDANILLO', '76622', 31, '2026-02-04 18:42:41', '2026-02-04 18:42:41'),
(1102, 'SAN PEDRO', '76670', 31, '2026-02-04 18:42:41', '2026-02-04 18:42:41'),
(1103, 'SEVILLA', '76736', 31, '2026-02-04 18:42:41', '2026-02-04 18:42:41'),
(1104, 'TORO', '76823', 31, '2026-02-04 18:42:41', '2026-02-04 18:42:41'),
(1105, 'TRUJILLO', '76828', 31, '2026-02-04 18:42:41', '2026-02-04 18:42:41'),
(1106, 'TULUÁ', '76834', 31, '2026-02-04 18:42:41', '2026-02-04 18:42:41'),
(1107, 'ULLOA', '76845', 31, '2026-02-04 18:42:41', '2026-02-04 18:42:41'),
(1108, 'VERSALLES', '76863', 31, '2026-02-04 18:42:41', '2026-02-04 18:42:41'),
(1109, 'VIJES', '76869', 31, '2026-02-04 18:42:41', '2026-02-04 18:42:41'),
(1110, 'YOTOCO', '76890', 31, '2026-02-04 18:42:41', '2026-02-04 18:42:41'),
(1111, 'YUMBO', '76892', 31, '2026-02-04 18:42:41', '2026-02-04 18:42:41'),
(1112, 'ZARZAL', '76895', 31, '2026-02-04 18:42:41', '2026-02-04 18:42:41'),
(1113, 'MITÚ', '97001', 32, '2026-02-04 18:42:41', '2026-02-04 18:42:41'),
(1114, 'CARURÚ', '97161', 32, '2026-02-04 18:42:41', '2026-02-04 18:42:41'),
(1115, 'PACOA', '97511', 32, '2026-02-04 18:42:41', '2026-02-04 18:42:41'),
(1116, 'TARAIRA', '97666', 32, '2026-02-04 18:42:41', '2026-02-04 18:42:41'),
(1117, 'PAPUNAHUA', '97777', 32, '2026-02-04 18:42:41', '2026-02-04 18:42:41'),
(1118, 'YAVARATÉ', '97889', 32, '2026-02-04 18:42:41', '2026-02-04 18:42:41'),
(1119, 'PUERTO CARREÑO', '99001', 33, '2026-02-04 18:42:41', '2026-02-04 18:42:41'),
(1120, 'LA PRIMAVERA', '99524', 33, '2026-02-04 18:42:41', '2026-02-04 18:42:41'),
(1121, 'SANTA ROSALÍA', '99624', 33, '2026-02-04 18:42:41', '2026-02-04 18:42:41'),
(1122, 'CUMARIBO', '99773', 33, '2026-02-04 18:42:41', '2026-02-04 18:42:41');

-- --------------------------------------------------------

--
-- Estructura de tabla para la tabla `contrato`
--

CREATE TABLE `contrato` (
  `id_contrato` int(11) NOT NULL,
  `id_empresa` int(11) DEFAULT NULL,
  `doc` varchar(20) NOT NULL,
  `id_tipo_contrato` int(11) DEFAULT NULL,
  `id_tipo_trabajador` int(11) NOT NULL,
  `id_sub_tipo_trabajador` int(11) DEFAULT NULL,
  `id_forma_pago` int(11) DEFAULT NULL,
  `id_metodo_pago` int(11) DEFAULT NULL,
  `id_arl` int(11) DEFAULT NULL,
  `id_eps` int(11) DEFAULT NULL,
  `id_afp` int(11) DEFAULT NULL,
  `alto_riesgo` tinyint(1) NOT NULL DEFAULT 0,
  `nivel_riesgo` varchar(50) DEFAULT NULL,
  `fecha_inicio` date NOT NULL,
  `fecha_fin` date DEFAULT NULL,
  `salario_base` decimal(12,2) NOT NULL,
  `activo` tinyint(1) NOT NULL DEFAULT 1,
  `created_at` datetime NOT NULL DEFAULT current_timestamp(),
  `updated_at` datetime NOT NULL DEFAULT current_timestamp() ON UPDATE current_timestamp()
) ENGINE=InnoDB DEFAULT CHARSET=utf8mb4 COLLATE=utf8mb4_unicode_ci;

--
-- Volcado de datos para la tabla `contrato`
--

INSERT INTO `contrato` (`id_contrato`, `id_empresa`, `doc`, `id_tipo_contrato`, `id_tipo_trabajador`, `id_sub_tipo_trabajador`, `id_forma_pago`, `id_metodo_pago`, `id_arl`, `id_eps`, `id_afp`, `alto_riesgo`, `nivel_riesgo`, `fecha_inicio`, `fecha_fin`, `salario_base`, `activo`, `created_at`, `updated_at`) VALUES
(1, NULL, '1030280138', 4, 12, 3, 1, 1, 1, 1, 1, 0, 'Nivel I', '2026-02-06', NULL, 2000000.00, 1, '2026-02-04 19:19:32', '2026-02-04 19:19:32');

-- --------------------------------------------------------

--
-- Estructura de tabla para la tabla `cuenta`
--

CREATE TABLE `cuenta` (
  `id_cuenta` int(11) NOT NULL,
  `id_contrato` int(11) NOT NULL,
  `id_tipo_cuenta` int(11) NOT NULL,
  `id_banco` int(11) NOT NULL,
  `numero_cuenta` varchar(34) NOT NULL,
  `activo` tinyint(1) NOT NULL DEFAULT 1,
  `active_flag` tinyint(4) GENERATED ALWAYS AS (case when `activo` then 1 else NULL end) VIRTUAL,
  `created_at` datetime NOT NULL DEFAULT current_timestamp(),
  `updated_at` datetime NOT NULL DEFAULT current_timestamp() ON UPDATE current_timestamp()
) ENGINE=InnoDB DEFAULT CHARSET=utf8mb4 COLLATE=utf8mb4_unicode_ci;

-- --------------------------------------------------------

--
-- Estructura de tabla para la tabla `departamento`
--

CREATE TABLE `departamento` (
  `id_departamento` int(11) NOT NULL,
  `nombre` varchar(60) NOT NULL,
  `codigo` varchar(4) NOT NULL,
  `codigo_iso` varchar(5) NOT NULL,
  `id_pais` int(11) NOT NULL,
  `created_at` datetime NOT NULL DEFAULT current_timestamp(),
  `updated_at` datetime NOT NULL DEFAULT current_timestamp() ON UPDATE current_timestamp()
) ENGINE=InnoDB DEFAULT CHARSET=utf8mb4 COLLATE=utf8mb4_unicode_ci;

--
-- Volcado de datos para la tabla `departamento`
--

INSERT INTO `departamento` (`id_departamento`, `nombre`, `codigo`, `codigo_iso`, `id_pais`, `created_at`, `updated_at`) VALUES
(1, 'Amazonas', '91', 'AMA', 1, '2026-02-04 18:42:39', '2026-02-04 18:42:39'),
(2, 'Antioquia', '05', 'ANT', 1, '2026-02-04 18:42:39', '2026-02-04 18:42:39'),
(3, 'Arauca', '81', 'ARA', 1, '2026-02-04 18:42:39', '2026-02-04 18:42:39'),
(4, 'Atlántico', '08', 'ATL', 1, '2026-02-04 18:42:39', '2026-02-04 18:42:39'),
(5, 'Bogotá', '11', 'DC', 1, '2026-02-04 18:42:39', '2026-02-04 18:42:39'),
(6, 'Bolívar', '13', 'BOL', 1, '2026-02-04 18:42:39', '2026-02-04 18:42:39'),
(7, 'Boyacá', '15', 'BOY', 1, '2026-02-04 18:42:39', '2026-02-04 18:42:39'),
(8, 'Caldas', '17', 'CAL', 1, '2026-02-04 18:42:39', '2026-02-04 18:42:39'),
(9, 'Caquetá', '18', 'CAQ', 1, '2026-02-04 18:42:39', '2026-02-04 18:42:39'),
(10, 'Casanare', '85', 'CAS', 1, '2026-02-04 18:42:39', '2026-02-04 18:42:39'),
(11, 'Cauca', '19', 'CAU', 1, '2026-02-04 18:42:39', '2026-02-04 18:42:39'),
(12, 'Cesar', '20', 'CES', 1, '2026-02-04 18:42:39', '2026-02-04 18:42:39'),
(13, 'Chocó', '27', 'CHO', 1, '2026-02-04 18:42:39', '2026-02-04 18:42:39'),
(14, 'Córdoba', '23', 'COR', 1, '2026-02-04 18:42:39', '2026-02-04 18:42:39'),
(15, 'Cundinamarca', '25', 'CUN', 1, '2026-02-04 18:42:39', '2026-02-04 18:42:39'),
(16, 'Guainía', '94', 'GUA', 1, '2026-02-04 18:42:39', '2026-02-04 18:42:39'),
(17, 'Guaviare', '95', 'GUV', 1, '2026-02-04 18:42:39', '2026-02-04 18:42:39'),
(18, 'Huila', '41', 'HUI', 1, '2026-02-04 18:42:39', '2026-02-04 18:42:39'),
(19, 'La Guajira', '44', 'LAG', 1, '2026-02-04 18:42:39', '2026-02-04 18:42:39'),
(20, 'Magdalena', '47', 'MAG', 1, '2026-02-04 18:42:39', '2026-02-04 18:42:39'),
(21, 'Meta', '50', 'MET', 1, '2026-02-04 18:42:39', '2026-02-04 18:42:39'),
(22, 'Nariño', '52', 'NAR', 1, '2026-02-04 18:42:39', '2026-02-04 18:42:39'),
(23, 'Norte de Santander', '54', 'NSA', 1, '2026-02-04 18:42:39', '2026-02-04 18:42:39'),
(24, 'Putumayo', '86', 'PUT', 1, '2026-02-04 18:42:39', '2026-02-04 18:42:39'),
(25, 'Quindío', '63', 'QUI', 1, '2026-02-04 18:42:39', '2026-02-04 18:42:39'),
(26, 'Risaralda', '66', 'RIS', 1, '2026-02-04 18:42:39', '2026-02-04 18:42:39'),
(27, 'San Andrés y Providencia', '88', 'SAP', 1, '2026-02-04 18:42:39', '2026-02-04 18:42:39'),
(28, 'Santander', '68', 'SAN', 1, '2026-02-04 18:42:39', '2026-02-04 18:42:39'),
(29, 'Sucre', '70', 'SUC', 1, '2026-02-04 18:42:39', '2026-02-04 18:42:39'),
(30, 'Tolima', '73', 'TOL', 1, '2026-02-04 18:42:39', '2026-02-04 18:42:39'),
(31, 'Valle del Cauca', '76', 'VAC', 1, '2026-02-04 18:42:39', '2026-02-04 18:42:39'),
(32, 'Vaupés', '97', 'VAU', 1, '2026-02-04 18:42:39', '2026-02-04 18:42:39'),
(33, 'Vichada', '99', 'VID', 1, '2026-02-04 18:42:39', '2026-02-04 18:42:39');

-- --------------------------------------------------------

--
-- Estructura de tabla para la tabla `employees`
--

CREATE TABLE `employees` (
  `id` bigint(20) UNSIGNED NOT NULL,
  `created_at` timestamp NULL DEFAULT NULL,
  `updated_at` timestamp NULL DEFAULT NULL
) ENGINE=InnoDB DEFAULT CHARSET=utf8mb4 COLLATE=utf8mb4_unicode_ci;

-- --------------------------------------------------------

--
-- Estructura de tabla para la tabla `empresa`
--

CREATE TABLE `empresa` (
  `id_empresa` int(11) NOT NULL,
  `nit` varchar(20) NOT NULL,
  `razon_social` varchar(150) NOT NULL,
  `doc_representante` varchar(20) NOT NULL,
  `id_ciudad` int(11) NOT NULL,
  `direccion` varchar(150) NOT NULL,
  `correo` varchar(256) DEFAULT NULL,
  `telefono` varchar(20) NOT NULL,
  `created_at` datetime NOT NULL DEFAULT current_timestamp(),
  `updated_at` datetime NOT NULL DEFAULT current_timestamp() ON UPDATE current_timestamp()
) ENGINE=InnoDB DEFAULT CHARSET=utf8mb4 COLLATE=utf8mb4_unicode_ci;

-- --------------------------------------------------------

--
-- Estructura de tabla para la tabla `eps`
--

CREATE TABLE `eps` (
  `id_eps` int(11) NOT NULL,
  `nombre` varchar(60) NOT NULL,
  `created_at` datetime NOT NULL DEFAULT current_timestamp(),
  `updated_at` datetime NOT NULL DEFAULT current_timestamp() ON UPDATE current_timestamp()
) ENGINE=InnoDB DEFAULT CHARSET=utf8mb4 COLLATE=utf8mb4_unicode_ci;

--
-- Volcado de datos para la tabla `eps`
--

INSERT INTO `eps` (`id_eps`, `nombre`, `created_at`, `updated_at`) VALUES
(1, 'Sura', '2026-02-04 18:42:41', '2026-02-04 18:42:41'),
(2, 'Sanitas', '2026-02-04 18:42:41', '2026-02-04 18:42:41'),
(3, 'Coomeva', '2026-02-04 18:42:41', '2026-02-04 18:42:41'),
(4, 'Salud Total', '2026-02-04 18:42:41', '2026-02-04 18:42:41'),
(5, 'Compensar', '2026-02-04 18:42:41', '2026-02-04 18:42:41');

-- --------------------------------------------------------

--
-- Estructura de tabla para la tabla `estado`
--

CREATE TABLE `estado` (
  `id_estado` int(11) NOT NULL,
  `nombre` varchar(60) NOT NULL,
  `descripcion` varchar(255) DEFAULT NULL,
  `created_at` datetime NOT NULL DEFAULT current_timestamp(),
  `updated_at` datetime NOT NULL DEFAULT current_timestamp() ON UPDATE current_timestamp()
) ENGINE=InnoDB DEFAULT CHARSET=utf8mb4 COLLATE=utf8mb4_unicode_ci;

-- --------------------------------------------------------

--
-- Estructura de tabla para la tabla `forma_pago`
--

CREATE TABLE `forma_pago` (
  `id_forma_pago` int(11) NOT NULL,
  `nombre` varchar(60) NOT NULL,
  `created_at` datetime NOT NULL DEFAULT current_timestamp(),
  `updated_at` datetime NOT NULL DEFAULT current_timestamp() ON UPDATE current_timestamp()
) ENGINE=InnoDB DEFAULT CHARSET=utf8mb4 COLLATE=utf8mb4_unicode_ci;

--
-- Volcado de datos para la tabla `forma_pago`
--

INSERT INTO `forma_pago` (`id_forma_pago`, `nombre`, `created_at`, `updated_at`) VALUES
(1, 'Mensual', '2026-02-04 18:42:41', '2026-02-04 18:42:41'),
(2, 'Quincenal', '2026-02-04 18:42:41', '2026-02-04 18:42:41'),
(3, 'Semanal', '2026-02-04 18:42:41', '2026-02-04 18:42:41');

-- --------------------------------------------------------

--
-- Estructura de tabla para la tabla `hora_recargo_extra`
--

CREATE TABLE `hora_recargo_extra` (
  `id_hora` int(11) NOT NULL,
  `id_tipo_hora_recargo` int(11) NOT NULL,
  `id_salario` int(11) NOT NULL,
  `cantidad` decimal(12,2) NOT NULL DEFAULT 0.00,
  `pago` decimal(12,2) NOT NULL DEFAULT 0.00,
  `created_at` datetime NOT NULL DEFAULT current_timestamp(),
  `updated_at` datetime NOT NULL DEFAULT current_timestamp() ON UPDATE current_timestamp()
) ENGINE=InnoDB DEFAULT CHARSET=utf8mb4 COLLATE=utf8mb4_unicode_ci;

-- --------------------------------------------------------

--
-- Estructura de tabla para la tabla `metodo_pago`
--

CREATE TABLE `metodo_pago` (
  `id_metodo_pago` int(11) NOT NULL,
  `nombre` varchar(60) NOT NULL,
  `created_at` datetime NOT NULL DEFAULT current_timestamp(),
  `updated_at` datetime NOT NULL DEFAULT current_timestamp() ON UPDATE current_timestamp()
) ENGINE=InnoDB DEFAULT CHARSET=utf8mb4 COLLATE=utf8mb4_unicode_ci;

--
-- Volcado de datos para la tabla `metodo_pago`
--

INSERT INTO `metodo_pago` (`id_metodo_pago`, `nombre`, `created_at`, `updated_at`) VALUES
(1, 'Transferencia', '2026-02-04 18:42:41', '2026-02-04 18:42:41'),
(2, 'Cheque', '2026-02-04 18:42:41', '2026-02-04 18:42:41'),
(3, 'Efectivo', '2026-02-04 18:42:41', '2026-02-04 18:42:41');

-- --------------------------------------------------------

--
-- Estructura de tabla para la tabla `migrations`
--

CREATE TABLE `migrations` (
  `id` int(10) UNSIGNED NOT NULL,
  `migration` varchar(255) NOT NULL,
  `batch` int(11) NOT NULL
) ENGINE=InnoDB DEFAULT CHARSET=utf8mb4 COLLATE=utf8mb4_unicode_ci;

--
-- Volcado de datos para la tabla `migrations`
--

INSERT INTO `migrations` (`id`, `migration`, `batch`) VALUES
(1, '2025_01_01_000001_create_pais_table', 1),
(2, '2025_01_01_000002_create_departamento_table', 1),
(3, '2025_01_01_000003_create_ciudad_table', 1),
(4, '2025_01_01_000004_create_parameter_tables_1', 1),
(5, '2025_01_01_000005_create_parameter_tables_2', 1),
(6, '2025_01_01_000006_create_parameter_tables_3', 1),
(7, '2025_01_01_000007_create_social_security_tables', 1),
(8, '2025_01_01_000008_create_roles_modules_tables', 1),
(9, '2025_01_01_000009_create_usuario_tables', 1),
(10, '2025_01_01_000010_create_empresa_tables', 1),
(11, '2025_01_01_000011_create_contrato_tables', 1),
(12, '2025_01_01_000012_create_payroll_tables', 1),
(13, '2025_01_01_000013_create_electronic_payroll_table', 1),
(14, '2025_12_15_191755_create_roles_table', 1),
(15, '2025_12_26_213552_create_employees_table', 1),
(16, '2026_01_06_011925_update_tipo_trabajador_table', 1),
(17, '2026_01_06_012350_update_tipo_trabajador_table', 1);

-- --------------------------------------------------------

--
-- Estructura de tabla para la tabla `modulo`
--

CREATE TABLE `modulo` (
  `id_modulo` int(11) NOT NULL,
  `nombre` varchar(60) NOT NULL,
  `created_at` datetime NOT NULL DEFAULT current_timestamp(),
  `updated_at` datetime NOT NULL DEFAULT current_timestamp() ON UPDATE current_timestamp()
) ENGINE=InnoDB DEFAULT CHARSET=utf8mb4 COLLATE=utf8mb4_unicode_ci;

-- --------------------------------------------------------

--
-- Estructura de tabla para la tabla `nomina_electronica`
--

CREATE TABLE `nomina_electronica` (
  `id_nomina` int(11) NOT NULL,
  `id_salario` int(11) NOT NULL,
  `cune` varchar(255) NOT NULL,
  `fecha_generacion` datetime NOT NULL,
  `novedad` tinyint(1) NOT NULL DEFAULT 0,
  `nota_ajuste` tinyint(1) NOT NULL DEFAULT 0,
  `pdf_ruta` varchar(500) DEFAULT NULL,
  `created_at` datetime NOT NULL DEFAULT current_timestamp(),
  `updated_at` datetime NOT NULL DEFAULT current_timestamp() ON UPDATE current_timestamp()
) ENGINE=InnoDB DEFAULT CHARSET=utf8mb4 COLLATE=utf8mb4_unicode_ci;

-- --------------------------------------------------------

--
-- Estructura de tabla para la tabla `novedad`
--

CREATE TABLE `novedad` (
  `id_novedad` int(11) NOT NULL,
  `id_tipo_novedad` int(11) NOT NULL,
  `id_salario` int(11) NOT NULL,
  `fecha_inicio` date DEFAULT NULL,
  `fecha_fin` date DEFAULT NULL,
  `cantidad` decimal(12,2) NOT NULL DEFAULT 0.00,
  `pago` decimal(12,2) NOT NULL DEFAULT 0.00,
  `created_at` datetime NOT NULL DEFAULT current_timestamp(),
  `updated_at` datetime NOT NULL DEFAULT current_timestamp() ON UPDATE current_timestamp()
) ENGINE=InnoDB DEFAULT CHARSET=utf8mb4 COLLATE=utf8mb4_unicode_ci;

-- --------------------------------------------------------

--
-- Estructura de tabla para la tabla `pais`
--

CREATE TABLE `pais` (
  `id_pais` int(11) NOT NULL,
  `nombre` varchar(60) NOT NULL,
  `nombre_oficial` varchar(100) DEFAULT NULL,
  `codigo_alfa2` char(2) DEFAULT NULL,
  `codigo_alfa3` char(3) DEFAULT NULL,
  `codigo_numerico` smallint(6) DEFAULT NULL,
  `created_at` datetime NOT NULL DEFAULT current_timestamp(),
  `updated_at` datetime NOT NULL DEFAULT current_timestamp() ON UPDATE current_timestamp()
) ENGINE=InnoDB DEFAULT CHARSET=utf8mb4 COLLATE=utf8mb4_unicode_ci;

--
-- Volcado de datos para la tabla `pais`
--

INSERT INTO `pais` (`id_pais`, `nombre`, `nombre_oficial`, `codigo_alfa2`, `codigo_alfa3`, `codigo_numerico`, `created_at`, `updated_at`) VALUES
(1, 'Colombia', 'Colombia', 'CO', 'COL', 170, '2026-02-04 18:42:39', '2026-02-04 18:42:39');

-- --------------------------------------------------------

--
-- Estructura de tabla para la tabla `periodo_liquidacion`
--

CREATE TABLE `periodo_liquidacion` (
  `id_periodo` int(11) NOT NULL,
  `fecha_inicio` date NOT NULL,
  `fecha_fin` date NOT NULL,
  `created_at` datetime NOT NULL DEFAULT current_timestamp(),
  `updated_at` datetime NOT NULL DEFAULT current_timestamp() ON UPDATE current_timestamp()
) ENGINE=InnoDB DEFAULT CHARSET=utf8mb4 COLLATE=utf8mb4_unicode_ci;

-- --------------------------------------------------------

--
-- Estructura de tabla para la tabla `provision`
--

CREATE TABLE `provision` (
  `id_provision` int(11) NOT NULL,
  `id_periodo` int(11) NOT NULL,
  `id_contrato` int(11) NOT NULL,
  `cesantias` decimal(12,2) NOT NULL DEFAULT 0.00,
  `intereses_cesantias` decimal(12,2) NOT NULL DEFAULT 0.00,
  `prima` decimal(12,2) NOT NULL DEFAULT 0.00,
  `created_at` datetime NOT NULL DEFAULT current_timestamp(),
  `updated_at` datetime NOT NULL DEFAULT current_timestamp() ON UPDATE current_timestamp()
) ENGINE=InnoDB DEFAULT CHARSET=utf8mb4 COLLATE=utf8mb4_unicode_ci;

-- --------------------------------------------------------

--
-- Estructura de tabla para la tabla `rol`
--

CREATE TABLE `rol` (
  `id_rol` int(11) NOT NULL,
  `nombre` varchar(60) NOT NULL,
  `descripcion` varchar(255) DEFAULT NULL,
  `created_at` datetime NOT NULL DEFAULT current_timestamp(),
  `updated_at` datetime NOT NULL DEFAULT current_timestamp() ON UPDATE current_timestamp()
) ENGINE=InnoDB DEFAULT CHARSET=utf8mb4 COLLATE=utf8mb4_unicode_ci;

--
-- Volcado de datos para la tabla `rol`
--

INSERT INTO `rol` (`id_rol`, `nombre`, `descripcion`, `created_at`, `updated_at`) VALUES
(1, 'Administrador', 'Acceso total a todos los módulos y permisos del sistema', '2026-02-04 18:42:41', '2026-02-04 18:42:41'),
(2, 'Auxiliar RRHH', 'Acceso a módulos y permisos asignados por el administrador', '2026-02-04 18:42:41', '2026-02-04 18:42:41'),
(3, 'Empleado', 'Acceso únicamente al módulo de desprendibles', '2026-02-04 18:42:41', '2026-02-04 18:42:41');

-- --------------------------------------------------------

--
-- Estructura de tabla para la tabla `roles`
--

CREATE TABLE `roles` (
  `id` bigint(20) UNSIGNED NOT NULL,
  `nombre` varchar(100) DEFAULT NULL,
  `created_at` timestamp NULL DEFAULT NULL,
  `updated_at` timestamp NULL DEFAULT NULL
) ENGINE=InnoDB DEFAULT CHARSET=utf8mb4 COLLATE=utf8mb4_unicode_ci;

-- --------------------------------------------------------

--
-- Estructura de tabla para la tabla `salario`
--

CREATE TABLE `salario` (
  `id_salario` int(11) NOT NULL,
  `id_contrato` int(11) NOT NULL,
  `id_periodo` int(11) NOT NULL,
  `id_estado` int(11) NOT NULL DEFAULT 1,
  `auxilio_transporte` decimal(12,2) NOT NULL DEFAULT 0.00,
  `horas_extra` decimal(12,2) NOT NULL DEFAULT 0.00,
  `bonificaciones` decimal(12,2) NOT NULL DEFAULT 0.00,
  `comisiones` decimal(12,2) NOT NULL DEFAULT 0.00,
  `otros_devengos` decimal(12,2) NOT NULL DEFAULT 0.00,
  `arl` decimal(12,2) NOT NULL DEFAULT 0.00,
  `eps` decimal(12,2) NOT NULL DEFAULT 0.00,
  `afp` decimal(12,2) NOT NULL DEFAULT 0.00,
  `seguridad_social` decimal(12,2) NOT NULL DEFAULT 0.00,
  `aporte_fp` decimal(12,2) NOT NULL DEFAULT 0.00,
  `retencion_fuente` decimal(12,2) NOT NULL DEFAULT 0.00,
  `embargo_fiscal` decimal(12,2) NOT NULL DEFAULT 0.00,
  `pension_voluntaria` decimal(12,2) NOT NULL DEFAULT 0.00,
  `dias_a_trabajar` int(11) NOT NULL DEFAULT 0,
  `horas_mensual` int(11) NOT NULL DEFAULT 0,
  `fecha_pago` date DEFAULT NULL,
  `created_at` datetime NOT NULL DEFAULT current_timestamp(),
  `updated_at` datetime NOT NULL DEFAULT current_timestamp() ON UPDATE current_timestamp()
) ENGINE=InnoDB DEFAULT CHARSET=utf8mb4 COLLATE=utf8mb4_unicode_ci;

-- --------------------------------------------------------

--
-- Estructura de tabla para la tabla `sub_tipo_trabajador`
--

CREATE TABLE `sub_tipo_trabajador` (
  `id_sub_tipo_trabajador` int(11) NOT NULL,
  `nombre` varchar(300) NOT NULL,
  `created_at` datetime NOT NULL DEFAULT current_timestamp(),
  `updated_at` datetime NOT NULL DEFAULT current_timestamp() ON UPDATE current_timestamp()
) ENGINE=InnoDB DEFAULT CHARSET=utf8mb4 COLLATE=utf8mb4_unicode_ci;

--
-- Volcado de datos para la tabla `sub_tipo_trabajador`
--

INSERT INTO `sub_tipo_trabajador` (`id_sub_tipo_trabajador`, `nombre`, `created_at`, `updated_at`) VALUES
(1, 'Dependiente pensionado por vejez activo', '2026-02-04 14:13:43', '2026-02-04 14:13:43'),
(3, 'ninguno', '2026-02-04 14:13:43', '2026-02-04 14:13:43');

-- --------------------------------------------------------

--
-- Estructura de tabla para la tabla `tipo_contrato`
--

CREATE TABLE `tipo_contrato` (
  `id_tipo_contrato` int(11) NOT NULL,
  `nombre` varchar(60) NOT NULL,
  `seguridad_social` tinyint(1) NOT NULL DEFAULT 1,
  `created_at` datetime NOT NULL DEFAULT current_timestamp(),
  `updated_at` datetime NOT NULL DEFAULT current_timestamp() ON UPDATE current_timestamp()
) ENGINE=InnoDB DEFAULT CHARSET=utf8mb4 COLLATE=utf8mb4_unicode_ci;

--
-- Volcado de datos para la tabla `tipo_contrato`
--

INSERT INTO `tipo_contrato` (`id_tipo_contrato`, `nombre`, `seguridad_social`, `created_at`, `updated_at`) VALUES
(1, 'Término indefinido', 1, '2026-02-04 14:12:37', '2026-02-04 14:12:37'),
(2, 'Término fijo', 1, '2026-02-04 14:12:37', '2026-02-04 14:12:37'),
(3, 'Obra o labor', 1, '2026-02-04 14:12:37', '2026-02-04 14:12:37'),
(4, 'Aprendizaje', 0, '2026-02-04 14:12:37', '2026-02-04 14:12:37'),
(5, 'Prácticas', 0, '2026-02-04 14:12:37', '2026-02-04 14:12:37'),
(6, 'Prestación de servicios', 0, '2026-02-04 14:12:37', '2026-02-04 14:12:37');

-- --------------------------------------------------------

--
-- Estructura de tabla para la tabla `tipo_cuenta`
--

CREATE TABLE `tipo_cuenta` (
  `id_tipo_cuenta` int(11) NOT NULL,
  `nombre` varchar(60) NOT NULL,
  `created_at` datetime NOT NULL DEFAULT current_timestamp(),
  `updated_at` datetime NOT NULL DEFAULT current_timestamp() ON UPDATE current_timestamp()
) ENGINE=InnoDB DEFAULT CHARSET=utf8mb4 COLLATE=utf8mb4_unicode_ci;

--
-- Volcado de datos para la tabla `tipo_cuenta`
--

INSERT INTO `tipo_cuenta` (`id_tipo_cuenta`, `nombre`, `created_at`, `updated_at`) VALUES
(1, 'Ahorros', '2026-02-04 18:42:41', '2026-02-04 18:42:41'),
(2, 'Corriente', '2026-02-04 18:42:41', '2026-02-04 18:42:41');

-- --------------------------------------------------------

--
-- Estructura de tabla para la tabla `tipo_doc`
--

CREATE TABLE `tipo_doc` (
  `id_tipo_doc` int(11) NOT NULL,
  `nombre` varchar(60) NOT NULL,
  `created_at` datetime NOT NULL DEFAULT current_timestamp(),
  `updated_at` datetime NOT NULL DEFAULT current_timestamp() ON UPDATE current_timestamp()
) ENGINE=InnoDB DEFAULT CHARSET=utf8mb4 COLLATE=utf8mb4_unicode_ci;

--
-- Volcado de datos para la tabla `tipo_doc`
--

INSERT INTO `tipo_doc` (`id_tipo_doc`, `nombre`, `created_at`, `updated_at`) VALUES
(1, 'Cedula de ciudadanía', '2026-02-04 13:42:41', '2026-02-04 13:42:41'),
(2, 'Cédula de extranjería', '2026-02-04 13:42:41', '2026-02-04 13:42:41'),
(3, 'NIT', '2026-02-04 13:42:41', '2026-02-04 13:42:41'),
(4, 'Tarjeta de identidad', '2026-02-04 13:42:41', '2026-02-04 13:42:41'),
(5, 'Pasaporte', '2026-02-04 13:42:41', '2026-02-04 13:42:41'),
(6, 'Registro civil', '2026-02-04 13:42:41', '2026-02-04 13:42:41'),
(7, 'NIT de otro país', '2026-02-04 13:42:41', '2026-02-04 13:42:41');

-- --------------------------------------------------------

--
-- Estructura de tabla para la tabla `tipo_hora_recargo`
--

CREATE TABLE `tipo_hora_recargo` (
  `id_tipo_hora_recargo` int(11) NOT NULL,
  `nombre` varchar(60) NOT NULL,
  `valor` decimal(12,2) NOT NULL DEFAULT 0.00,
  `created_at` datetime NOT NULL DEFAULT current_timestamp(),
  `updated_at` datetime NOT NULL DEFAULT current_timestamp() ON UPDATE current_timestamp()
) ENGINE=InnoDB DEFAULT CHARSET=utf8mb4 COLLATE=utf8mb4_unicode_ci;

-- --------------------------------------------------------

--
-- Estructura de tabla para la tabla `tipo_novedad`
--

CREATE TABLE `tipo_novedad` (
  `id_tipo_novedad` int(11) NOT NULL,
  `nombre` varchar(60) NOT NULL,
  `created_at` datetime NOT NULL DEFAULT current_timestamp(),
  `updated_at` datetime NOT NULL DEFAULT current_timestamp() ON UPDATE current_timestamp()
) ENGINE=InnoDB DEFAULT CHARSET=utf8mb4 COLLATE=utf8mb4_unicode_ci;

-- --------------------------------------------------------

--
-- Estructura de tabla para la tabla `tipo_trabajador`
--

CREATE TABLE `tipo_trabajador` (
  `id_tipo_trabajador` int(11) NOT NULL,
  `nombre` varchar(300) NOT NULL,
  `created_at` datetime NOT NULL DEFAULT current_timestamp(),
  `updated_at` datetime NOT NULL DEFAULT current_timestamp() ON UPDATE current_timestamp()
) ENGINE=InnoDB DEFAULT CHARSET=utf8mb4 COLLATE=utf8mb4_unicode_ci;

--
-- Volcado de datos para la tabla `tipo_trabajador`
--

INSERT INTO `tipo_trabajador` (`id_tipo_trabajador`, `nombre`, `created_at`, `updated_at`) VALUES
(1, 'Dependiente', '2026-02-04 13:42:41', '2026-02-04 13:42:41'),
(2, 'Servicio doméstico', '2026-02-04 13:42:41', '2026-02-04 13:42:41'),
(3, 'Independiente', '2026-02-04 13:42:41', '2026-02-04 13:42:41'),
(4, 'Madre comunitaria', '2026-02-04 13:42:41', '2026-02-04 13:42:41'),
(12, 'Aprendices del SENA en etapa lectiva', '2026-02-04 13:42:41', '2026-02-04 13:42:41'),
(18, 'Funcionarios publicos sin top maximo de ibc', '2026-02-04 13:42:41', '2026-02-04 13:42:41'),
(19, 'Aprendices del SENA en etapa productiva', '2026-02-04 13:42:41', '2026-02-04 13:42:41'),
(21, 'Estudiantes de posgrado en salud', '2026-02-04 13:42:41', '2026-02-04 13:42:41'),
(22, 'Profesor de establecimiento particular', '2026-02-04 13:42:41', '2026-02-04 13:42:41'),
(23, 'Estudiantes aportes solo riesgos laborales', '2026-02-04 13:42:41', '2026-02-04 13:42:41'),
(30, 'Dependiente entidades o universidades publicas con regimen especial en salud', '2026-02-04 13:42:41', '2026-02-04 13:42:41'),
(31, 'Cooperados o pre cooperativas de trabajo asociado', '2026-02-04 13:42:41', '2026-02-04 13:42:41'),
(47, 'Trabajador dependiente de entidad beneficiaria del sistema general de participaciones-aportes partronales', '2026-02-04 13:42:41', '2026-02-04 13:42:41'),
(51, 'Trabajador de tiempo parcial', '2026-02-04 13:42:41', '2026-02-04 13:42:41'),
(54, 'Pre pensionado de entidad en liquidacion', '2026-02-04 13:42:41', '2026-02-04 13:42:41'),
(56, 'Pre pensionado con aporte voluntario a salud', '2026-02-04 13:42:41', '2026-02-04 13:42:41'),
(58, 'Estudiantes de practicas laborales en el sector publico', '2026-02-04 13:42:41', '2026-02-04 13:42:41');

-- --------------------------------------------------------

--
-- Estructura de tabla para la tabla `usuario`
--

CREATE TABLE `usuario` (
  `doc` varchar(20) NOT NULL,
  `id_tipo_doc` int(11) NOT NULL,
  `contrasena` varchar(255) DEFAULT NULL,
  `primer_nombre` varchar(60) NOT NULL,
  `otros_nombres` varchar(60) DEFAULT NULL,
  `primer_apellido` varchar(60) NOT NULL,
  `segundo_apellido` varchar(60) DEFAULT NULL,
  `id_ciudad` int(11) DEFAULT NULL,
  `direccion` varchar(255) NOT NULL,
  `telefono` varchar(20) DEFAULT NULL,
  `correo` varchar(256) DEFAULT NULL,
  `id_rol` int(11) DEFAULT NULL,
  `activo` tinyint(1) NOT NULL DEFAULT 1,
  `created_at` datetime NOT NULL DEFAULT current_timestamp(),
  `updated_at` datetime NOT NULL DEFAULT current_timestamp() ON UPDATE current_timestamp()
) ENGINE=InnoDB DEFAULT CHARSET=utf8mb4 COLLATE=utf8mb4_unicode_ci;

--
-- Volcado de datos para la tabla `usuario`
--

INSERT INTO `usuario` (`doc`, `id_tipo_doc`, `contrasena`, `primer_nombre`, `otros_nombres`, `primer_apellido`, `segundo_apellido`, `id_ciudad`, `direccion`, `telefono`, `correo`, `id_rol`, `activo`, `created_at`, `updated_at`) VALUES
('1030280138', 1, NULL, 'luisa', 'fernanda', 'rico', 'sanchez', 1, 'mz 37 casa 21', NULL, NULL, NULL, 1, '2026-02-04 19:19:32', '2026-02-04 19:19:32');

-- --------------------------------------------------------

--
-- Estructura de tabla para la tabla `usuario_empresa`
--

CREATE TABLE `usuario_empresa` (
  `doc` varchar(20) NOT NULL,
  `id_empresa` int(11) NOT NULL
) ENGINE=InnoDB DEFAULT CHARSET=utf8mb4 COLLATE=utf8mb4_unicode_ci;

-- --------------------------------------------------------

--
-- Estructura de tabla para la tabla `usuario_modulo`
--

CREATE TABLE `usuario_modulo` (
  `doc` varchar(20) NOT NULL,
  `id_modulo` int(11) NOT NULL
) ENGINE=InnoDB DEFAULT CHARSET=utf8mb4 COLLATE=utf8mb4_unicode_ci;

--
-- Índices para tablas volcadas
--

--
-- Indices de la tabla `afp`
--
ALTER TABLE `afp`
  ADD PRIMARY KEY (`id_afp`),
  ADD UNIQUE KEY `afp_nombre_unique` (`nombre`);

--
-- Indices de la tabla `arl`
--
ALTER TABLE `arl`
  ADD PRIMARY KEY (`id_arl`),
  ADD UNIQUE KEY `arl_nombre_unique` (`nombre`);

--
-- Indices de la tabla `banco`
--
ALTER TABLE `banco`
  ADD PRIMARY KEY (`id_banco`),
  ADD UNIQUE KEY `banco_nombre_unique` (`nombre`),
  ADD UNIQUE KEY `banco_codigo_unique` (`codigo`);

--
-- Indices de la tabla `ciudad`
--
ALTER TABLE `ciudad`
  ADD PRIMARY KEY (`id_ciudad`),
  ADD KEY `ciudad_id_departamento_foreign` (`id_departamento`);

--
-- Indices de la tabla `contrato`
--
ALTER TABLE `contrato`
  ADD PRIMARY KEY (`id_contrato`),
  ADD KEY `contrato_id_empresa_foreign` (`id_empresa`),
  ADD KEY `contrato_doc_foreign` (`doc`),
  ADD KEY `contrato_id_tipo_contrato_foreign` (`id_tipo_contrato`),
  ADD KEY `contrato_id_tipo_trabajador_foreign` (`id_tipo_trabajador`),
  ADD KEY `contrato_id_sub_tipo_trabajador_foreign` (`id_sub_tipo_trabajador`),
  ADD KEY `contrato_id_forma_pago_foreign` (`id_forma_pago`),
  ADD KEY `contrato_id_metodo_pago_foreign` (`id_metodo_pago`),
  ADD KEY `contrato_id_eps_foreign` (`id_eps`),
  ADD KEY `contrato_id_afp_foreign` (`id_afp`),
  ADD KEY `contrato_id_arl_foreign` (`id_arl`);

--
-- Indices de la tabla `cuenta`
--
ALTER TABLE `cuenta`
  ADD PRIMARY KEY (`id_cuenta`),
  ADD UNIQUE KEY `uq_contrato_active` (`id_contrato`,`active_flag`),
  ADD KEY `cuenta_id_tipo_cuenta_foreign` (`id_tipo_cuenta`),
  ADD KEY `cuenta_id_banco_foreign` (`id_banco`);

--
-- Indices de la tabla `departamento`
--
ALTER TABLE `departamento`
  ADD PRIMARY KEY (`id_departamento`),
  ADD UNIQUE KEY `departamento_codigo_unique` (`codigo`),
  ADD UNIQUE KEY `departamento_codigo_iso_unique` (`codigo_iso`),
  ADD KEY `departamento_id_pais_foreign` (`id_pais`);

--
-- Indices de la tabla `employees`
--
ALTER TABLE `employees`
  ADD PRIMARY KEY (`id`);

--
-- Indices de la tabla `empresa`
--
ALTER TABLE `empresa`
  ADD PRIMARY KEY (`id_empresa`),
  ADD UNIQUE KEY `empresa_nit_unique` (`nit`),
  ADD KEY `empresa_doc_representante_foreign` (`doc_representante`),
  ADD KEY `empresa_id_ciudad_foreign` (`id_ciudad`);

--
-- Indices de la tabla `eps`
--
ALTER TABLE `eps`
  ADD PRIMARY KEY (`id_eps`),
  ADD UNIQUE KEY `eps_nombre_unique` (`nombre`);

--
-- Indices de la tabla `estado`
--
ALTER TABLE `estado`
  ADD PRIMARY KEY (`id_estado`),
  ADD UNIQUE KEY `estado_nombre_unique` (`nombre`);

--
-- Indices de la tabla `forma_pago`
--
ALTER TABLE `forma_pago`
  ADD PRIMARY KEY (`id_forma_pago`),
  ADD UNIQUE KEY `forma_pago_nombre_unique` (`nombre`);

--
-- Indices de la tabla `hora_recargo_extra`
--
ALTER TABLE `hora_recargo_extra`
  ADD PRIMARY KEY (`id_hora`),
  ADD KEY `hora_recargo_extra_id_tipo_hora_recargo_foreign` (`id_tipo_hora_recargo`),
  ADD KEY `hora_recargo_extra_id_salario_foreign` (`id_salario`);

--
-- Indices de la tabla `metodo_pago`
--
ALTER TABLE `metodo_pago`
  ADD PRIMARY KEY (`id_metodo_pago`),
  ADD UNIQUE KEY `metodo_pago_nombre_unique` (`nombre`);

--
-- Indices de la tabla `migrations`
--
ALTER TABLE `migrations`
  ADD PRIMARY KEY (`id`);

--
-- Indices de la tabla `modulo`
--
ALTER TABLE `modulo`
  ADD PRIMARY KEY (`id_modulo`),
  ADD UNIQUE KEY `modulo_nombre_unique` (`nombre`);

--
-- Indices de la tabla `nomina_electronica`
--
ALTER TABLE `nomina_electronica`
  ADD PRIMARY KEY (`id_nomina`),
  ADD UNIQUE KEY `nomina_electronica_cune_unique` (`cune`),
  ADD KEY `nomina_electronica_id_salario_foreign` (`id_salario`);

--
-- Indices de la tabla `novedad`
--
ALTER TABLE `novedad`
  ADD PRIMARY KEY (`id_novedad`),
  ADD KEY `novedad_id_tipo_novedad_foreign` (`id_tipo_novedad`),
  ADD KEY `novedad_id_salario_foreign` (`id_salario`);

--
-- Indices de la tabla `pais`
--
ALTER TABLE `pais`
  ADD PRIMARY KEY (`id_pais`),
  ADD UNIQUE KEY `pais_nombre_unique` (`nombre`);

--
-- Indices de la tabla `periodo_liquidacion`
--
ALTER TABLE `periodo_liquidacion`
  ADD PRIMARY KEY (`id_periodo`);

--
-- Indices de la tabla `provision`
--
ALTER TABLE `provision`
  ADD PRIMARY KEY (`id_provision`),
  ADD KEY `provision_id_periodo_foreign` (`id_periodo`),
  ADD KEY `provision_id_contrato_foreign` (`id_contrato`);

--
-- Indices de la tabla `rol`
--
ALTER TABLE `rol`
  ADD PRIMARY KEY (`id_rol`),
  ADD UNIQUE KEY `rol_nombre_unique` (`nombre`);

--
-- Indices de la tabla `roles`
--
ALTER TABLE `roles`
  ADD PRIMARY KEY (`id`);

--
-- Indices de la tabla `salario`
--
ALTER TABLE `salario`
  ADD PRIMARY KEY (`id_salario`),
  ADD KEY `salario_id_contrato_foreign` (`id_contrato`),
  ADD KEY `salario_id_periodo_foreign` (`id_periodo`),
  ADD KEY `salario_id_estado_foreign` (`id_estado`);

--
-- Indices de la tabla `sub_tipo_trabajador`
--
ALTER TABLE `sub_tipo_trabajador`
  ADD PRIMARY KEY (`id_sub_tipo_trabajador`),
  ADD UNIQUE KEY `sub_tipo_trabajador_nombre_unique` (`nombre`);

--
-- Indices de la tabla `tipo_contrato`
--
ALTER TABLE `tipo_contrato`
  ADD PRIMARY KEY (`id_tipo_contrato`),
  ADD UNIQUE KEY `tipo_contrato_nombre_unique` (`nombre`);

--
-- Indices de la tabla `tipo_cuenta`
--
ALTER TABLE `tipo_cuenta`
  ADD PRIMARY KEY (`id_tipo_cuenta`),
  ADD UNIQUE KEY `tipo_cuenta_nombre_unique` (`nombre`);

--
-- Indices de la tabla `tipo_doc`
--
ALTER TABLE `tipo_doc`
  ADD PRIMARY KEY (`id_tipo_doc`),
  ADD UNIQUE KEY `tipo_doc_nombre_unique` (`nombre`);

--
-- Indices de la tabla `tipo_hora_recargo`
--
ALTER TABLE `tipo_hora_recargo`
  ADD PRIMARY KEY (`id_tipo_hora_recargo`),
  ADD UNIQUE KEY `tipo_hora_recargo_nombre_unique` (`nombre`);

--
-- Indices de la tabla `tipo_novedad`
--
ALTER TABLE `tipo_novedad`
  ADD PRIMARY KEY (`id_tipo_novedad`),
  ADD UNIQUE KEY `tipo_novedad_nombre_unique` (`nombre`);

--
-- Indices de la tabla `tipo_trabajador`
--
ALTER TABLE `tipo_trabajador`
  ADD UNIQUE KEY `tipo_trabajador_id_tipo_trabajador_unique` (`id_tipo_trabajador`),
  ADD UNIQUE KEY `tipo_trabajador_nombre_unique` (`nombre`);

--
-- Indices de la tabla `usuario`
--
ALTER TABLE `usuario`
  ADD PRIMARY KEY (`doc`),
  ADD UNIQUE KEY `usuario_id_tipo_doc_doc_unique` (`id_tipo_doc`,`doc`),
  ADD KEY `usuario_id_ciudad_foreign` (`id_ciudad`),
  ADD KEY `usuario_id_rol_foreign` (`id_rol`);

--
-- Indices de la tabla `usuario_empresa`
--
ALTER TABLE `usuario_empresa`
  ADD PRIMARY KEY (`doc`,`id_empresa`),
  ADD KEY `usuario_empresa_id_empresa_foreign` (`id_empresa`);

--
-- Indices de la tabla `usuario_modulo`
--
ALTER TABLE `usuario_modulo`
  ADD PRIMARY KEY (`doc`,`id_modulo`),
  ADD KEY `usuario_modulo_id_modulo_foreign` (`id_modulo`);

--
-- AUTO_INCREMENT de las tablas volcadas
--

--
-- AUTO_INCREMENT de la tabla `afp`
--
ALTER TABLE `afp`
  MODIFY `id_afp` int(11) NOT NULL AUTO_INCREMENT, AUTO_INCREMENT=5;

--
-- AUTO_INCREMENT de la tabla `arl`
--
ALTER TABLE `arl`
  MODIFY `id_arl` int(11) NOT NULL AUTO_INCREMENT, AUTO_INCREMENT=4;

--
-- AUTO_INCREMENT de la tabla `banco`
--
ALTER TABLE `banco`
  MODIFY `id_banco` int(11) NOT NULL AUTO_INCREMENT, AUTO_INCREMENT=29;

--
-- AUTO_INCREMENT de la tabla `ciudad`
--
ALTER TABLE `ciudad`
  MODIFY `id_ciudad` int(11) NOT NULL AUTO_INCREMENT, AUTO_INCREMENT=1123;

--
-- AUTO_INCREMENT de la tabla `contrato`
--
ALTER TABLE `contrato`
  MODIFY `id_contrato` int(11) NOT NULL AUTO_INCREMENT, AUTO_INCREMENT=2;

--
-- AUTO_INCREMENT de la tabla `cuenta`
--
ALTER TABLE `cuenta`
  MODIFY `id_cuenta` int(11) NOT NULL AUTO_INCREMENT;

--
-- AUTO_INCREMENT de la tabla `departamento`
--
ALTER TABLE `departamento`
  MODIFY `id_departamento` int(11) NOT NULL AUTO_INCREMENT, AUTO_INCREMENT=34;

--
-- AUTO_INCREMENT de la tabla `employees`
--
ALTER TABLE `employees`
  MODIFY `id` bigint(20) UNSIGNED NOT NULL AUTO_INCREMENT;

--
-- AUTO_INCREMENT de la tabla `empresa`
--
ALTER TABLE `empresa`
  MODIFY `id_empresa` int(11) NOT NULL AUTO_INCREMENT;

--
-- AUTO_INCREMENT de la tabla `eps`
--
ALTER TABLE `eps`
  MODIFY `id_eps` int(11) NOT NULL AUTO_INCREMENT, AUTO_INCREMENT=6;

--
-- AUTO_INCREMENT de la tabla `estado`
--
ALTER TABLE `estado`
  MODIFY `id_estado` int(11) NOT NULL AUTO_INCREMENT;

--
-- AUTO_INCREMENT de la tabla `forma_pago`
--
ALTER TABLE `forma_pago`
  MODIFY `id_forma_pago` int(11) NOT NULL AUTO_INCREMENT, AUTO_INCREMENT=4;

--
-- AUTO_INCREMENT de la tabla `hora_recargo_extra`
--
ALTER TABLE `hora_recargo_extra`
  MODIFY `id_hora` int(11) NOT NULL AUTO_INCREMENT;

--
-- AUTO_INCREMENT de la tabla `metodo_pago`
--
ALTER TABLE `metodo_pago`
  MODIFY `id_metodo_pago` int(11) NOT NULL AUTO_INCREMENT, AUTO_INCREMENT=4;

--
-- AUTO_INCREMENT de la tabla `migrations`
--
ALTER TABLE `migrations`
  MODIFY `id` int(10) UNSIGNED NOT NULL AUTO_INCREMENT, AUTO_INCREMENT=18;

--
-- AUTO_INCREMENT de la tabla `modulo`
--
ALTER TABLE `modulo`
  MODIFY `id_modulo` int(11) NOT NULL AUTO_INCREMENT;

--
-- AUTO_INCREMENT de la tabla `nomina_electronica`
--
ALTER TABLE `nomina_electronica`
  MODIFY `id_nomina` int(11) NOT NULL AUTO_INCREMENT;

--
-- AUTO_INCREMENT de la tabla `novedad`
--
ALTER TABLE `novedad`
  MODIFY `id_novedad` int(11) NOT NULL AUTO_INCREMENT;

--
-- AUTO_INCREMENT de la tabla `pais`
--
ALTER TABLE `pais`
  MODIFY `id_pais` int(11) NOT NULL AUTO_INCREMENT, AUTO_INCREMENT=3;

--
-- AUTO_INCREMENT de la tabla `periodo_liquidacion`
--
ALTER TABLE `periodo_liquidacion`
  MODIFY `id_periodo` int(11) NOT NULL AUTO_INCREMENT;

--
-- AUTO_INCREMENT de la tabla `provision`
--
ALTER TABLE `provision`
  MODIFY `id_provision` int(11) NOT NULL AUTO_INCREMENT;

--
-- AUTO_INCREMENT de la tabla `rol`
--
ALTER TABLE `rol`
  MODIFY `id_rol` int(11) NOT NULL AUTO_INCREMENT, AUTO_INCREMENT=5;

--
-- AUTO_INCREMENT de la tabla `roles`
--
ALTER TABLE `roles`
  MODIFY `id` bigint(20) UNSIGNED NOT NULL AUTO_INCREMENT;

--
-- AUTO_INCREMENT de la tabla `salario`
--
ALTER TABLE `salario`
  MODIFY `id_salario` int(11) NOT NULL AUTO_INCREMENT;

--
-- AUTO_INCREMENT de la tabla `sub_tipo_trabajador`
--
ALTER TABLE `sub_tipo_trabajador`
  MODIFY `id_sub_tipo_trabajador` int(11) NOT NULL AUTO_INCREMENT, AUTO_INCREMENT=5;

--
-- AUTO_INCREMENT de la tabla `tipo_contrato`
--
ALTER TABLE `tipo_contrato`
  MODIFY `id_tipo_contrato` int(11) NOT NULL AUTO_INCREMENT, AUTO_INCREMENT=7;

--
-- AUTO_INCREMENT de la tabla `tipo_cuenta`
--
ALTER TABLE `tipo_cuenta`
  MODIFY `id_tipo_cuenta` int(11) NOT NULL AUTO_INCREMENT, AUTO_INCREMENT=3;

--
-- AUTO_INCREMENT de la tabla `tipo_doc`
--
ALTER TABLE `tipo_doc`
  MODIFY `id_tipo_doc` int(11) NOT NULL AUTO_INCREMENT, AUTO_INCREMENT=8;

--
-- AUTO_INCREMENT de la tabla `tipo_hora_recargo`
--
ALTER TABLE `tipo_hora_recargo`
  MODIFY `id_tipo_hora_recargo` int(11) NOT NULL AUTO_INCREMENT;

--
-- AUTO_INCREMENT de la tabla `tipo_novedad`
--
ALTER TABLE `tipo_novedad`
  MODIFY `id_tipo_novedad` int(11) NOT NULL AUTO_INCREMENT;

--
-- Restricciones para tablas volcadas
--

--
-- Filtros para la tabla `ciudad`
--
ALTER TABLE `ciudad`
  ADD CONSTRAINT `ciudad_id_departamento_foreign` FOREIGN KEY (`id_departamento`) REFERENCES `departamento` (`id_departamento`);

--
-- Filtros para la tabla `contrato`
--
ALTER TABLE `contrato`
  ADD CONSTRAINT `contrato_doc_foreign` FOREIGN KEY (`doc`) REFERENCES `usuario` (`doc`),
  ADD CONSTRAINT `contrato_id_afp_foreign` FOREIGN KEY (`id_afp`) REFERENCES `afp` (`id_afp`),
  ADD CONSTRAINT `contrato_id_arl_foreign` FOREIGN KEY (`id_arl`) REFERENCES `arl` (`id_arl`),
  ADD CONSTRAINT `contrato_id_empresa_foreign` FOREIGN KEY (`id_empresa`) REFERENCES `empresa` (`id_empresa`),
  ADD CONSTRAINT `contrato_id_eps_foreign` FOREIGN KEY (`id_eps`) REFERENCES `eps` (`id_eps`),
  ADD CONSTRAINT `contrato_id_forma_pago_foreign` FOREIGN KEY (`id_forma_pago`) REFERENCES `forma_pago` (`id_forma_pago`),
  ADD CONSTRAINT `contrato_id_metodo_pago_foreign` FOREIGN KEY (`id_metodo_pago`) REFERENCES `metodo_pago` (`id_metodo_pago`),
  ADD CONSTRAINT `contrato_id_sub_tipo_trabajador_foreign` FOREIGN KEY (`id_sub_tipo_trabajador`) REFERENCES `sub_tipo_trabajador` (`id_sub_tipo_trabajador`),
  ADD CONSTRAINT `contrato_id_tipo_contrato_foreign` FOREIGN KEY (`id_tipo_contrato`) REFERENCES `tipo_contrato` (`id_tipo_contrato`),
  ADD CONSTRAINT `contrato_id_tipo_trabajador_foreign` FOREIGN KEY (`id_tipo_trabajador`) REFERENCES `tipo_trabajador` (`id_tipo_trabajador`);

--
-- Filtros para la tabla `cuenta`
--
ALTER TABLE `cuenta`
  ADD CONSTRAINT `cuenta_id_banco_foreign` FOREIGN KEY (`id_banco`) REFERENCES `banco` (`id_banco`),
  ADD CONSTRAINT `cuenta_id_contrato_foreign` FOREIGN KEY (`id_contrato`) REFERENCES `contrato` (`id_contrato`) ON DELETE CASCADE,
  ADD CONSTRAINT `cuenta_id_tipo_cuenta_foreign` FOREIGN KEY (`id_tipo_cuenta`) REFERENCES `tipo_cuenta` (`id_tipo_cuenta`);

--
-- Filtros para la tabla `departamento`
--
ALTER TABLE `departamento`
  ADD CONSTRAINT `departamento_id_pais_foreign` FOREIGN KEY (`id_pais`) REFERENCES `pais` (`id_pais`);

--
-- Filtros para la tabla `empresa`
--
ALTER TABLE `empresa`
  ADD CONSTRAINT `empresa_doc_representante_foreign` FOREIGN KEY (`doc_representante`) REFERENCES `usuario` (`doc`),
  ADD CONSTRAINT `empresa_id_ciudad_foreign` FOREIGN KEY (`id_ciudad`) REFERENCES `ciudad` (`id_ciudad`);

--
-- Filtros para la tabla `hora_recargo_extra`
--
ALTER TABLE `hora_recargo_extra`
  ADD CONSTRAINT `hora_recargo_extra_id_salario_foreign` FOREIGN KEY (`id_salario`) REFERENCES `salario` (`id_salario`),
  ADD CONSTRAINT `hora_recargo_extra_id_tipo_hora_recargo_foreign` FOREIGN KEY (`id_tipo_hora_recargo`) REFERENCES `tipo_hora_recargo` (`id_tipo_hora_recargo`);

--
-- Filtros para la tabla `nomina_electronica`
--
ALTER TABLE `nomina_electronica`
  ADD CONSTRAINT `nomina_electronica_id_salario_foreign` FOREIGN KEY (`id_salario`) REFERENCES `salario` (`id_salario`);

--
-- Filtros para la tabla `novedad`
--
ALTER TABLE `novedad`
  ADD CONSTRAINT `novedad_id_salario_foreign` FOREIGN KEY (`id_salario`) REFERENCES `salario` (`id_salario`),
  ADD CONSTRAINT `novedad_id_tipo_novedad_foreign` FOREIGN KEY (`id_tipo_novedad`) REFERENCES `tipo_novedad` (`id_tipo_novedad`);

--
-- Filtros para la tabla `provision`
--
ALTER TABLE `provision`
  ADD CONSTRAINT `provision_id_contrato_foreign` FOREIGN KEY (`id_contrato`) REFERENCES `contrato` (`id_contrato`),
  ADD CONSTRAINT `provision_id_periodo_foreign` FOREIGN KEY (`id_periodo`) REFERENCES `periodo_liquidacion` (`id_periodo`);

--
-- Filtros para la tabla `salario`
--
ALTER TABLE `salario`
  ADD CONSTRAINT `salario_id_contrato_foreign` FOREIGN KEY (`id_contrato`) REFERENCES `contrato` (`id_contrato`),
  ADD CONSTRAINT `salario_id_estado_foreign` FOREIGN KEY (`id_estado`) REFERENCES `estado` (`id_estado`),
  ADD CONSTRAINT `salario_id_periodo_foreign` FOREIGN KEY (`id_periodo`) REFERENCES `periodo_liquidacion` (`id_periodo`);

--
-- Filtros para la tabla `usuario`
--
ALTER TABLE `usuario`
  ADD CONSTRAINT `usuario_id_ciudad_foreign` FOREIGN KEY (`id_ciudad`) REFERENCES `ciudad` (`id_ciudad`),
  ADD CONSTRAINT `usuario_id_rol_foreign` FOREIGN KEY (`id_rol`) REFERENCES `rol` (`id_rol`),
  ADD CONSTRAINT `usuario_id_tipo_doc_foreign` FOREIGN KEY (`id_tipo_doc`) REFERENCES `tipo_doc` (`id_tipo_doc`);

--
-- Filtros para la tabla `usuario_empresa`
--
ALTER TABLE `usuario_empresa`
  ADD CONSTRAINT `usuario_empresa_doc_foreign` FOREIGN KEY (`doc`) REFERENCES `usuario` (`doc`),
  ADD CONSTRAINT `usuario_empresa_id_empresa_foreign` FOREIGN KEY (`id_empresa`) REFERENCES `empresa` (`id_empresa`);

--
-- Filtros para la tabla `usuario_modulo`
--
ALTER TABLE `usuario_modulo`
  ADD CONSTRAINT `usuario_modulo_doc_foreign` FOREIGN KEY (`doc`) REFERENCES `usuario` (`doc`) ON DELETE CASCADE,
  ADD CONSTRAINT `usuario_modulo_id_modulo_foreign` FOREIGN KEY (`id_modulo`) REFERENCES `modulo` (`id_modulo`);
COMMIT;

/*!40101 SET CHARACTER_SET_CLIENT=@OLD_CHARACTER_SET_CLIENT */;
/*!40101 SET CHARACTER_SET_RESULTS=@OLD_CHARACTER_SET_RESULTS */;
/*!40101 SET COLLATION_CONNECTION=@OLD_COLLATION_CONNECTION */;
